tree
version=v4
num_class=1
num_tree_per_iteration=1
label_index=0
max_feature_idx=63
objective=binary sigmoid:1
feature_names=win_odds log_odds implied_prob popularity log_popularity odds_rank_in_race popularity_z weight weight_z body_weight weight_diff abs_weight_diff body_weight_deviation age is_male is_female is_gelding waku_ban prev_finish career_prize_norm jockey_win_rate jockey_in_three_rate trainer_win_rate trainer_in_three_rate course_win_rate distance_win_rate surface_win_rate going_win_rate distance horses_in_race is_g1 is_dirt run_style_id days_from_last_race horse_starts horse_win_rate horse_in3_rate horse_avg_last3F horse_avg_pos_4c horse_run_style_mode horse_avg_finish horse_prev_finish horse_days_since_last jockey_samples trainer_samples popularity_x_jockey popularity_x_course implied_x_jockey_in3 distance_x_distwinrate weight_diff_x_career age_x_distance horsewin_x_popularity last3F_x_distance prevfinish_x_popularity weight_x_distance bodyweight_x_distance jockey_x_course trainer_x_distance style_x_distance horsein3_x_jockey samples_x_winrate_j days_x_horseavg last3F_x_in3 waku_x_distance
feature_infos=[-1:962] [0:6.8690144506657065] [0:0.90909090909090906] [0:18] [0:2.8903717578961645] [-1:18] [-2.0493901531919199:1.6704359892345411] [49:63] [-4.1231056256176641:3.8729833462074166] [0:999] [-32:999] [0:999] [-15.667:17.632999999999999] [2:12] [0:1] [0:1] [0:1] none none [0:0.81669999999999998] [0.0097000000000000003:0.29670000000000002] [0.0596:0.628] [0.0071000000000000004:0.25380000000000003] [0.049700000000000001:0.48909999999999998] [0.0094000000000000004:0.34000000000000002] [0.014:0.34350000000000003] [0.01:0.30080000000000001] [0.0114:0.31409999999999999] [1000:4100] [5:18] none [0:1] [0:4] [-1:295] [0:14] [0.058799999999999998:0.25] [0.1875:0.46429999999999999] [-1:99.900000000000006] [-1:18] [0:4] [-1:18] [-1:18] [-1:295] [0:859] [0:440] [0.00061875000000000005:0.29670000000000002] [0.0005888888888888889:0.3397] [0:0.56427272727272726] [0.011625:0.37125000000000002] [-5.7371999999999996:744.95429999999999] [0.25:5.085] [0.0036764705882352941:0.21740000000000001] [-131.828125:55.785624999999996] [0.0030864197530864196:1] [0.546875:2.8828125] [0.47872340425531912:2.8896276595744679] [0.00016660000000000001:0.096224670000000012] [0.00017557000000000003:0.084638400000000016] [0.25:2.5625] [0.014576320000000002:0.27310800000000002] [0:0.29764440000000003] [0.01075268817204301:8.4333333333333336] [-18.541930000000001:9.4335999999999984] [0.3125:1.28125]
tree_sizes=6598 6717 6734 6729 6753 6717 6720 6717 6765 6771 6784 6785 6816 6783 6791 6761 6785 6798 6810 6807 6759 6797

Tree=0
num_leaves=63
num_cat=0
split_feature=2 0 0 2 2 51 0 24 45 0 8 61 36 50 9 41 45 23 52 27 33 26 26 50 25 0 59 27 23 24 52 61 56 27 48 21 0 52 6 20 21 54 32 26 62 24 45 21 25 55 8 43 44 7 26 9 49 61 27 25 22 20
split_gain=3209.65 577.128 416.816 147.726 90.3123 87.9933 81.6201 37.1602 29.5459 27.2007 26.4706 25.9816 25.4905 33.3697 25.3126 33.5009 26.1116 46.4079 25.2512 25.2012 24.7099 21.3757 34.1124 21.1998 21.0611 23.9472 20.7445 24.2629 20.2345 29.9791 20.6472 19.6018 19.2291 19.1085 28.5364 21.8296 25.1118 22.6081 30.9073 18.3294 17.3064 19.0226 22.5205 16.6483 15.8518 17.2707 15.6736 21.208 15.3049 15.2232 31.9458 15.0644 14.7884 14.6964 17.2689 22.5376 17.3936 15.9171 14.4575 17.5607 17.8389 16.7498
threshold=0.18350168350168353 2.5500000000000003 19.550000000000004 0.60661764705882371 0.10929288103201149 0.048500000000000008 3.9500000000000006 0.093850000000000003 0.055610000000000007 64.350000000000009 1.0000000000000011 0.49263963732785904 0.32735000000000009 0.81875000000000009 515.00000000000011 7.5000000000000009 0.10322500000000001 0.25030000000000002 0.43750000000000094 0.092650000000000024 14.500000000000002 0.063650000000000026 0.10945000000000001 1.0956250000000003 0.040350000000000004 3.0500000000000003 0.076166895000000012 0.094650000000000026 0.33175000000000004 0.15840000000000001 0.49999999999999917 0.2151026392961877 0.028430220000000003 0.049250000000000009 0.13088750000000002 0.40185000000000004 2.7500000000000004 0.61375000000000146 -1.6163183621308372 0.05995000000000001 0.13785000000000003 1.0072544642857146 2.5000000000000004 0.19645000000000004 0.3957949999999999 0.21505000000000005 0.045387500000000004 0.35645000000000004 0.12075000000000001 1.1045212765957448 0.52223296786709483 194.50000000000003 130.50000000000003 53.500000000000007 0.081450000000000009 469.00000000000006 1.0000000180025095e-35 0.46756756756756762 0.10305000000000002 0.074550000000000019 0.13650000000000004 0.23855000000000001
decision_type=2 2 2 2 2 2 2 2 2 2 2 2 2 2 2 2 2 2 2 2 2 2 2 2 2 2 2 2 2 2 2 2 2 2 2 2 2 2 2 2 2 2 2 2 2 2 2 2 2 2 2 2 2 2 2 2 2 2 2 2 2 2
left_child=2 3 4 12 5 -1 14 -5 -7 -4 11 44 21 20 15 24 17 52 51 -15 -14 39 -23 40 31 33 -22 -28 29 -24 -31 -3 -30 -26 35 36 -35 38 -38 -2 41 42 -6 -9 45 -8 -27 53 -36 -50 -51 -19 -16 -48 -55 57 -57 -56 -29 -60 61 -61
right_child=1 6 9 7 23 8 10 43 -10 -11 -12 -13 13 19 16 -17 -18 18 -20 -21 26 22 28 -25 25 46 27 58 32 30 -32 -33 -34 34 48 -37 37 -39 -40 -41 -42 -43 -44 -45 -46 -47 47 -49 49 50 -52 -53 -54 54 55 56 -58 -59 59 60 -62 -63
leaf_value=-2.5514212323601182 -2.4558526413634776 -2.4961448473153367 -2.5610572108771481 -2.4447217051957355 -2.4501391840922295 -2.525436990915872 -2.5047514184955504 -2.3550919409438671 -2.4471457236068073 -2.5672215295550913 -2.5429971043158366 -2.5317254024677269 -2.5295840203158586 -2.3811036697347219 -2.4701625234321991 -2.5467280220203934 -2.5108363956786066 -2.5073636268831785 -2.3664020646101709 -2.4628758257134331 -2.5280768079901867 -2.3943349760643531 -2.4977285505752049 -2.5513128184140048 -2.4319294005498309 -2.5165062153736741 -2.4329058322260733 -2.5378398796316195 -2.3785087292551608 -2.3912084714608981 -2.4840518267689329 -2.5665162077767687 -2.4653257143997283 -2.5225931264441224 -2.4000135333311481 -2.5460572933503411 -2.5080503606842783 -2.5284635485867022 -2.424272563218111 -2.5388520806748365 -2.5338741467090706 -2.5451836026250909 -2.5314445410872564 -2.4232161439080513 -2.5443884398027463 -2.5532591684618073 -2.4321044878245246 -2.5073577840542991 -2.4393446082531209 -2.5420988988597224 -2.4362523704701489 -2.4245354838553821 -2.5471371802470899 -2.5135355425831039 -2.4204665879850369 -2.5254959507495878 -2.4609437997911967 -2.49684416036748 -2.415934868637855 -2.4863312578293368 -2.5277957614324786 -2.415934868637855
leaf_weight=409.28519263863564 2.6944383978843716 2.8965212777256957 537.40573845803738 5.1867939159274128 3.2333260774612409 4.0416575968265516 81.506761536002159 8.7569247931241971 3.9742966368794441 631.0374727845192 14.011079668998716 25.462442860007286 3.9742966368794468 2.6270774379372579 1.684023998677729 5.3888767957687369 4.7152671962976447 1.8187459185719488 2.424994558095932 5.7256815955042839 2.82916031777859 6.3992911949753788 7.2076227143406886 27.079105898737907 3.3680479973554602 18.726346865296364 6.1972083151340511 1.8187459185719514 2.694438397884368 2.5597164779901505 2.2229116782546043 3.0986041575670242 2.7617993578314781 6.3992911949753859 1.7513849586248387 3.4354089573025695 3.165965117514137 2.3576335981488219 4.9847110360860771 1.886106878519058 204.70995727926493 3.3006870374083519 2.5597164779901505 3.5701308771967879 4.8499891161918631 2.8965212777256957 2.4923555180430439 25.395081900060177 3.570130877196787 2.8965212777256966 1.8187459185719488 2.4923555180430412 2.0208287984132767 7.1402617543935802 4.0416575968265516 4.5131843164563179 2.8291603177785873 2.0881897583603859 1.8187459185719479 8.6222028732299787 3.300687037408351 1.8187459185719479
leaf_count=6076 40 43 7978 77 48 60 1210 130 59 9368 208 378 59 39 25 80 70 27 36 85 42 95 107 402 50 278 92 27 40 38 33 46 41 95 26 51 47 35 74 28 3039 49 38 53 72 43 37 377 53 43 27 37 30 106 60 67 42 31 27 128 49 27
internal_value=-2.54671 -2.49038 -2.55722 -2.44512 -2.5445 -2.55012 -2.50541 -2.39292 -2.48513 -2.56439 -2.51676 -2.51359 -2.45909 -2.4707 -2.49402 -2.49751 -2.46911 -2.45133 -2.42028 -2.43433 -2.4813 -2.44385 -2.4359 -2.53475 -2.49506 -2.49288 -2.47428 -2.46812 -2.45249 -2.46957 -2.43053 -2.5326 -2.41856 -2.47875 -2.48458 -2.49913 -2.48986 -2.47084 -2.45516 -2.48806 -2.53263 -2.50566 -2.48426 -2.37286 -2.50848 -2.50646 -2.50016 -2.49402 -2.4565 -2.4712 -2.4985 -2.4563 -2.5113 -2.47984 -2.48655 -2.47299 -2.499 -2.44419 -2.48171 -2.47549 -2.48492 -2.4721
internal_weight=2167.54 340.914 1826.63 84.6727 658.184 417.301 256.241 17.5138 8.01595 1168.44 128.727 114.716 67.1589 38.7326 127.514 112.358 15.1562 10.4409 6.7361 8.35276 30.3798 28.4263 23.8458 240.883 106.969 100.974 26.4055 23.5763 17.4465 11.9903 4.78263 5.99513 5.45624 33.7478 30.3798 20.343 16.9076 10.5083 8.15068 4.58055 213.804 9.09373 5.79304 12.3271 89.2533 84.4033 67.2262 48.4999 10.0368 8.2854 4.71527 4.3111 3.70485 23.1048 20.6125 13.4722 7.34234 6.12985 17.3791 15.5604 13.7416 10.4409
internal_count=32178 5061 27117 1257 9771 6195 3804 260 119 17346 1911 1703 997 575 1893 1668 225 155 100 124 451 422 354 3576 1588 1499 392 350 259 178 71 89 81 501 451 302 251 156 121 68 3174 135 86 183 1325 1253 998 720 149 123 70 64 55 343 306 200 109 91 258 231 204 155
is_linear=0
shrinkage=1


Tree=1
num_leaves=63
num_cat=0
split_feature=3 0 0 3 0 0 46 47 0 0 47 36 40 44 22 44 23 6 44 27 54 24 8 44 47 46 0 44 59 33 8 57 45 46 26 9 7 55 45 45 27 62 24 54 23 26 33 57 10 49 54 40 35 21 9 45 6 24 45 56 9 61
split_gain=2772.5 479.897 363.424 190.482 97.95 68.2432 93.2259 60.8038 50.8202 34.9036 28.4876 24.4746 23.6746 21.4016 21.8174 26.6632 23.3837 35.1377 28.7949 21.0887 22.5865 22.7098 20.7783 24.2759 22.7087 20.6705 23.9954 46.4487 21.4749 24.7561 20.5717 23.0399 19.7664 46.2957 22.6883 20.572 18.4627 26.8523 28.9661 18.2775 17.9387 17.7416 25.7466 17.4637 17.1152 16.6895 16.4843 18.2569 23.0788 35.5837 15.7327 15.6026 15.4164 22.0012 15.3151 15.2595 15.1518 18.1329 14.8951 25.4865 21.2872 18.8446
threshold=2.5000000000000004 19.550000000000004 2.9500000000000006 1.0000000180025095e-35 9.1500000000000004 1.7500000000000002 0.092625000000000013 0.010554979850316639 4.0500000000000007 5.2500000000000009 0.0041594647461545313 0.36180000000000007 1.9000000000000001 92.500000000000014 0.16705 107.50000000000001 0.31715000000000004 -1.1846651508473212 153.50000000000003 0.034950000000000009 0.87276785714285732 0.044150000000000009 -0.39003719777910806 60.500000000000007 0.10902631578947369 0.056816666666666675 2.4500000000000006 211.50000000000003 0.082725030000000019 25.500000000000004 0.77505582569747189 0.0056037150000000013 0.045387500000000004 0.039473333333333339 0.057450000000000008 487.00000000000006 52.500000000000007 1.008776595744681 0.015314583333333335 0.027055000000000006 0.080650000000000013 0.14999250000000022 0.085450000000000012 0.72739955357142871 0.17625000000000005 0.17870000000000003 21.500000000000004 0.020547409999999999 -1.0000000180025095e-35 -0.83059999999999989 0.97656250000000011 4.3650000000000011 0.13715000000000002 0.53175000000000006 449.00000000000006 0.098625000000000004 -1.5739188668427349 0.070750000000000021 0.046925000000000001 0.0016795300000000003 507.00000000000006 0.24009803921568632
decision_type=2 2 2 2 2 2 2 2 2 2 2 2 2 2 2 2 2 2 2 2 2 2 2 2 2 2 2 2 2 2 2 2 2 2 2 2 2 2 2 2 2 2 2 2 2 2 2 2 2 2 2 2 2 2 2 2 2 2 2 2 2 2
left_child=2 4 3 -1 7 6 12 -2 13 11 -3 44 56 32 15 -15 17 -17 -18 -7 22 -22 41 -24 -25 28 27 55 -23 -30 31 43 39 -34 -35 40 37 38 -11 -4 -36 42 -21 -10 -9 -42 -33 48 49 -48 -51 -50 53 54 -28 -27 57 -5 59 -45 61 -61
right_child=1 10 8 5 -6 19 -8 9 30 36 -12 -13 -14 14 -16 16 18 -19 -20 20 21 25 23 24 -26 26 52 -29 29 -31 -32 46 33 34 35 -37 -38 -39 -40 -41 45 -43 -44 58 -46 -47 47 -49 51 50 -52 -53 -54 -55 -56 -57 -58 -59 -60 60 -62 -63
leaf_value=-0.020738950106712575 -0.0098419101452858881 -0.019777789337559679 0.063608844246748814 0.12148522299813444 -0.003476547305554429 0.13225203862406917 0.13487888689749342 -0.0076874712504978676 -0.00079777803316552986 0.12161845034236983 -0.013159721775627036 -0.0054340294402619484 0.10507919568953382 0.00014256264222135167 -0.01362749278373351 0.031750426955595525 0.11519327518521051 0.11197059663078433 0.043227244665168356 0.10314458763330608 0.012098680540588845 0.065193973185501547 0.0026614089852206231 0.00085841286919601445 0.068848168782989064 0.11556307087597785 0.0035483499409236464 0.0053932646974377734 0.17749408266808483 0.080866488420774138 0.0068451532575199018 0.0063132714374460122 0.14410309878921054 0.12201454079535211 0.013642210055276218 0.024732296873438205 0.010823719238793566 -0.0055208430823638762 0.01897312780024803 0.014497428984731182 0.082125011750012786 0.13220713871535139 0 0.013333787181732438 0.039487529233007586 0.02258605742435078 -0.010434453827732212 0.083510886136119289 -0.0084780558133029718 0.12719644375024999 0.047569882159760234 0.03275565171569448 0 0.12033177699885318 0.0607417313104043 0.08188544089023618 0.026681548749410373 0.034670913621736993 0.025754862036870298 0.06052434673299395 0.0083102084797909946 0.1189148234737476
leaf_weight=7.4480201527476302 44.759401328861713 742.50402706861496 5.0147423297166815 1.9469725266098965 355.22660152614117 2.5799418538808814 20.401271753013134 3.1712931096553794 3.0328529179096249 2.2252289950847617 408.4879966378212 6.417092651128768 4.7415695637464514 6.289232872426509 3.1302824541926375 36.568589709699147 3.7978894710540754 2.2467318028211656 6.3274978697299957 1.9348022341728239 2.2250105291604987 3.5354366749525052 4.794689632952216 2.5268758460879317 10.454718336462973 9.3190364539623243 2.241430230438719 2.8120649829506865 2.8628422617912292 2.5826157554984093 21.659836791455746 19.909778967499733 2.6264059171080616 1.9393429309129739 2.6894780471921029 8.9112841412425023 222.00666378438473 2.7275952771306038 2.3210947811603546 8.1597993746399862 11.991944350302218 2.1903386935591698 1.8250108733773229 3.863165929913527 39.785476930439472 2.5697949454188338 2.1992600187659264 2.3259619176387778 7.9474531486630422 2.0020287632942262 2.7448458820581436 6.4763947948813438 1.7630964070558537 2.386315554380416 17.567878514528275 26.110633760690689 6.061591573059558 2.3370800539851189 8.2991086319088918 6.9140726029872877 1.8632790520787228 4.1216241419315338
leaf_count=111 667 11206 72 27 5294 36 268 46 44 32 6139 93 65 90 45 524 54 32 90 27 31 49 68 36 145 126 32 39 39 36 317 288 37 27 38 127 3260 40 34 117 169 30 26 56 575 37 32 34 116 29 40 94 25 33 247 362 86 32 120 100 27 60
internal_value=0.000156011 -0.00956886 0.0527453 0.0770361 0.00376654 0.0824615 0.106757 0.0117293 0.0349715 0.0152084 -0.0174337 0.030485 0.0675791 0.0447563 0.0364754 0.0393985 0.0443662 0.0368839 0.0718002 0.0736373 0.0718481 0.0775469 0.0537146 0.0419258 0.0560034 0.0795209 0.0748563 0.0850863 0.109738 0.135599 0.024167 0.0293328 0.0555343 0.0644936 0.0562215 0.0505627 0.0118878 0.0430863 0.0721322 0.0339219 0.063405 0.0865453 0.0551254 0.0435424 0.0359206 0.0721592 0.0199914 0.0312462 0.0248758 0.0545261 0.0846331 0.00997686 0.0579755 0.0624686 0.0544959 0.0912778 0.0488503 0.077577 0.0490001 0.0600012 0.073434 0.0839025
internal_weight=2167.9 1829.63 338.272 142.649 678.64 135.201 35.4885 323.414 195.623 278.654 1150.99 49.3739 15.0872 102.263 58.3602 55.2299 48.9407 38.8153 10.1254 99.7127 97.1328 73.4064 23.7264 17.7763 12.9816 71.1814 62.2005 38.2417 8.98089 5.44546 93.3597 71.6998 43.9028 30.7283 28.1018 26.1625 229.281 7.27392 4.54632 13.1745 17.2512 5.95015 3.75981 28.0941 42.9568 14.5617 43.6057 23.6959 21.37 6.94613 4.74687 14.4238 23.9587 22.1956 19.8093 35.4297 10.3456 4.28405 25.0613 16.7621 12.899 11.0357
internal_count=32178 27386 4792 1976 10041 1865 478 4747 2816 4080 17345 714 210 1459 835 790 700 556 144 1387 1351 1019 332 249 181 988 864 527 124 75 1357 1040 624 435 398 371 3366 106 66 189 244 83 53 407 621 206 633 345 311 101 69 210 337 312 279 488 145 59 363 243 187 160
is_linear=0
shrinkage=0.02


Tree=2
num_leaves=63
num_cat=0
split_feature=2 0 0 2 2 51 0 47 43 8 61 23 45 50 2 24 22 21 9 59 59 20 44 60 43 25 35 23 11 8 44 14 24 61 52 50 46 8 40 54 61 60 21 54 32 54 22 61 24 21 24 40 54 60 44 11 8 7 23 47 25 15
split_gain=2753.77 401.429 394.108 109.185 81.3809 74.6234 30.5248 28.5756 23.687 22.9437 22.7811 22.3538 21.4132 19.7015 18.7643 18.5905 17.7345 20.6681 18.2291 16.741 19.477 33.5488 30.9429 24.8033 24.1379 15.839 15.9928 22.3134 19.115 21.0202 17.7855 15.8116 15.6879 16.1365 15.5105 23.087 15.493 15.2644 15.2452 15.1538 23.4957 19.1933 15.0957 15.9938 17.7581 15.089 23.4741 15.5133 14.294 17.7169 16.337 16.6664 14.2234 13.7584 13.7018 13.5341 17.9179 19.3108 13.5135 20.3585 18.4665 18.9338
threshold=0.18350168350168353 19.550000000000004 2.9500000000000006 0.60661764705882371 0.10929288103201149 0.048500000000000008 3.9500000000000006 0.0041594647461545313 668.50000000000011 1.0000000000000011 0.49263963732785904 0.18200000000000002 0.055610000000000007 1.0956250000000003 0.69047619047619058 0.093850000000000003 0.052450000000000004 0.20415000000000003 531.00000000000011 0.045941655000000005 0.076166895000000012 0.10565000000000001 60.500000000000007 0.070492300000000022 94.500000000000014 0.074250000000000024 0.13715000000000002 0.33175000000000004 1.5000000000000002 0.44721359549995959 97.500000000000014 1.0000000180025095e-35 0.14545000000000005 1.1101010101010103 -0.61250000000000016 0.68750000000000011 0.071958333333333346 -1.1547005383792497 3.5500000000000003 1.0212053571428574 0.14363395225464196 0.022309200000000005 0.13785000000000003 1.0072544642857146 2.5000000000000004 0.87276785714285732 0.10825000000000001 0.4588926410232253 0.04055000000000001 0.17955000000000002 0.076550000000000021 1.3650000000000002 1.049107142857143 0.094239900000000015 184.50000000000003 3.5000000000000004 0.49090757801424523 55.750000000000007 0.26680000000000009 0.1173397435897436 0.056850000000000005 1.0000000180025095e-35
decision_type=2 2 2 2 2 2 2 2 2 2 2 2 2 2 2 2 2 2 2 2 2 2 2 2 2 2 2 2 2 2 2 2 2 2 2 2 2 2 2 2 2 2 2 2 2 2 2 2 2 2 2 2 2 2 2 2 2 2 2 2 2 2
left_child=1 4 3 8 5 -1 11 -3 19 10 36 -4 -7 42 15 -5 17 -13 34 -2 48 22 24 -24 -22 -23 27 32 29 -29 -30 -19 45 -34 35 39 37 38 -8 40 -18 -41 43 44 -6 -27 47 -47 -21 -50 51 -51 -28 -25 -38 56 57 -12 -36 60 -60 -62
right_child=2 7 6 14 13 12 9 -9 -10 -11 55 16 -14 -15 -16 -17 18 31 -20 20 21 25 23 53 -26 26 52 28 30 -31 -32 -33 33 -35 58 -37 54 -39 -40 41 -42 -43 -44 -45 -46 46 -48 -49 49 50 -52 -53 -54 -55 -56 -57 -58 -59 59 -61 61 -63
leaf_value=-0.0044073626311590701 0.13015615418571935 -0.019717585576865246 0.010618439325803546 0.053713455482065714 0.08456023298811087 0.019379890476634246 0.038831189272437568 -0.01304583487842236 0 0.0033533126608866841 0.018122944079850069 0.014298407073811231 0.083213832484704861 -0.0045633232518209298 0.14029816701160219 0.11407745031437448 0.075841367553875869 0.048732007637678362 0.090306157143339033 0.0049334712124978796 0.088409723593126072 0.091006337665773498 0.12570372886075004 0.032877501688948436 0.02150644454889326 0.0098730353430302453 0.061437356923221602 0.088320065472086054 0.063225671905887654 0.012279839390951616 0.12944399778167739 0.11607979155153673 0.074954062149603595 0.013530767390997416 0.032129856150055071 0.0034168652766485598 0.0046959180405263326 0.041827632872574967 -0.0090463561620309149 0.09921541359897601 0.0074032764797142868 0.037273992841284638 0.012204363680042914 0.0014144546196579444 0.014330793341601518 0.048617443253116017 0.0057633701272263626 0.10610482155969254 0.090410702684431007 0.054652591457101107 0.075327037983248954 -0.0092413760532650043 0.0031090453022878301 0.10485795401139551 0.053805898760861171 0.0023740700474898795 -0.0071976252303477782 0.087103401071743844 0.024237100885142165 0.027026671910122275 0.090162546158014584 0.047877022022845175
leaf_weight=406.15793948620558 1.9566112980246533 730.00185538828373 8.5250226184725744 3.5569657534360912 3.613661549985407 4.2420704513788206 5.1424676030874235 403.97115737944841 1.9235668703913678 14.284716114401816 3.8783580586314219 2.080026835203169 4.6106241270899773 27.251488886773586 10.075731575489042 8.3683106303215009 2.5166570469737044 2.974308468401432 3.064175270497798 2.8593049272894886 5.2930521219968814 8.7134088799357396 11.639507234096529 2.7786307632923117 4.0115644708275795 4.9194086864590671 2.9779441133141509 3.3004154190421096 3.3800409585237485 2.7876038029789925 5.2714363560080528 3.9147699326276779 16.795418381690983 2.1215812340378752 17.684638790786273 10.207930438220499 11.24691281467676 70.083822309970856 5.1008334830403328 3.1591246053576452 8.7919025123119336 6.6342203840613365 209.24997996538877 3.3382600843906403 2.6379641219973564 7.2363070473074895 3.492331624031066 2.9789362028241158 4.1288460567593566 2.7284931987524015 3.146035298705101 3.5467314198613167 3.87961096316576 2.0623205453157425 2.7681964039802542 16.521996900439262 3.0552433356642723 2.9781392067670822 4.2079305499792126 8.4728555455803853 11.290937282145023 8.4736181646585464
leaf_count=6076 25 11206 119 45 48 60 72 6140 26 208 55 29 59 402 119 96 34 40 41 39 68 113 147 36 53 67 40 42 44 36 68 53 218 28 244 141 160 982 72 43 122 91 3039 49 38 95 47 39 54 35 41 48 52 27 39 237 44 42 58 117 154 116
internal_value=0.000149659 -0.0101245 0.049588 0.0767494 0.00225817 -0.0031397 0.0339622 -0.0173455 0.0686326 0.0275988 0.0304339 0.0423061 0.0537914 0.0113697 0.117896 0.0972119 0.0451424 0.0725924 0.04207 0.0698263 0.0685507 0.0722051 0.0922677 0.109212 0.0606814 0.0643503 0.0601521 0.0640007 0.0856158 0.0551159 0.105432 0.0890872 0.0551283 0.0683833 0.0400557 0.0285133 0.0350533 0.0384672 0.0149146 0.0404027 0.023689 0.058752 0.0133693 0.0379002 0.0564247 0.0410684 0.0518194 0.066964 0.0470509 0.0555681 0.0388073 0.0187004 0.0296396 0.0663732 0.0150747 0.0137297 0.0320429 0.0497363 0.0470985 0.0549799 0.0645058 0.0726814
internal_weight=2168.06 1795.08 372.989 135.93 661.102 415.011 237.059 1133.97 113.929 135.061 120.776 101.998 8.85269 246.091 22.001 11.9253 93.4731 8.96911 84.504 112.006 110.049 93.6395 25.7851 16.4805 9.30462 67.8544 59.141 52.2835 14.7395 6.08802 8.65148 6.88908 37.544 18.917 81.4398 31.3098 94.3422 80.3271 10.2433 21.1019 11.3086 9.79334 218.84 9.58989 6.25163 18.627 13.7076 10.2152 16.4094 13.5501 9.42126 6.27522 6.85756 4.84095 14.0151 26.4337 9.91174 6.8565 50.13 32.4453 23.9725 19.7646
internal_count=32178 27117 5061 1748 9771 6195 3313 17346 1488 1911 1703 1402 119 3576 260 141 1283 122 1161 1462 1437 1220 331 210 121 889 776 684 190 78 112 93 494 246 1120 431 1325 1126 144 290 156 134 3174 135 86 248 181 134 217 178 124 83 92 63 199 378 141 97 689 445 328 270
is_linear=0
shrinkage=0.02


Tree=3
num_leaves=63
num_cat=0
split_feature=2 0 0 2 2 45 47 0 50 43 57 49 11 60 47 26 21 35 44 34 27 59 56 45 59 56 25 6 25 58 38 48 55 21 24 51 21 51 57 57 59 33 55 56 48 52 60 43 57 36 24 55 9 40 26 24 57 50 9 55 54 20
split_gain=2561.29 394.086 332.587 84.4916 77.489 66.0074 28.6717 26.9763 20.5829 20.3989 18.4187 18.1547 19.477 25.3438 19.9301 19.1028 17.0154 16.7565 16.491 16.0192 15.9824 15.6517 47.1278 14.663 14.6089 27.262 16.5989 16.4188 15.5427 14.4799 21.7898 19.4122 14.3468 13.8151 20.2551 13.7836 13.7833 17.289 16.7337 13.6846 14.6096 13.6074 18.6125 13.4421 17.8316 21.6947 13.4456 22.1244 14.1111 13.3504 12.9289 12.0431 11.9912 11.8696 11.8297 11.7768 11.6355 15.9993 13.3717 14.299 13.6 13.3385
threshold=0.18350168350168353 19.550000000000004 2.9500000000000006 0.60661764705882371 0.11976477337923121 0.063175000000000023 0.0041594647461545313 3.9500000000000006 1.0443750000000003 668.50000000000011 0.0039573950000000016 -1.0000000180025095e-35 4.5000000000000009 0.14890270000000003 0.064472473604826566 0.057750000000000003 0.13785000000000003 0.12250000000000001 190.50000000000003 3.5000000000000004 0.034950000000000009 0.060374060000000007 0.0016795300000000003 0.055610000000000007 0.076166895000000012 0.009786300000000003 0.072700000000000015 -1.5739188668427349 0.053250000000000006 0.44062500000000004 5.5500000000000007 0.18343125000000002 1.3910904255319152 0.17785000000000004 0.076550000000000021 0.048500000000000008 0.29235000000000005 0.088950000000000015 0.0076813900000000006 0.0067346250000000002 0.18312074 48.500000000000007 1.0385638297872342 0.014482710000000003 0.13088750000000002 0.61375000000000146 0.015641700000000005 160.50000000000003 0.007090260000000001 0.39645000000000008 0.12785000000000005 1.1160904255319151 471.00000000000006 1.3650000000000002 0.033350000000000012 0.20660000000000003 0.011286990000000002 0.66250000000000009 485.00000000000006 0.92819148936170215 1.0680803571428574 0.044850000000000008
decision_type=2 2 2 2 2 2 2 2 2 2 2 2 2 2 2 2 2 2 2 2 2 2 2 2 2 2 2 2 2 2 2 2 2 2 2 2 2 2 2 2 2 2 2 2 2 2 2 2 2 2 2 2 2 2 2 2 2 2 2 2 2 2
left_child=1 4 3 9 5 35 -3 49 16 20 17 12 13 14 15 -12 41 21 -14 -17 -2 22 54 -16 33 28 27 -27 -26 -18 -31 50 39 51 53 -1 -30 -38 -39 -5 -41 42 -6 44 -28 -46 -45 55 -49 -4 56 -22 -37 -35 -9 -48 58 -58 60 -60 61 -32
right_child=2 6 7 32 8 -7 -8 10 -10 -11 11 -13 18 -15 23 19 29 -19 -20 -21 24 -23 -24 -25 25 26 43 -29 36 30 31 -33 -34 34 -36 52 37 38 -40 40 -42 -43 -44 46 45 -47 47 48 -50 -51 -52 -53 -54 -55 -56 -57 57 -59 59 -61 -62 -63
leaf_value=-0.0036236211420202506 0.11268526600600985 -0.019657547983373443 0.041619211401346022 0.06744824532449202 0.087153387802540255 0.067175440923074078 -0.012930552571588014 -0.01841620263857148 -0.0040100236013897624 0 0.0049933684945146382 0.017670513978488716 -0.0034790293926676603 0.11369267258311712 -0.019677862921199007 0.098269563189393394 -0.0047428926558267508 -0.01057105000140598 0.055360161014868958 0.028218624090174043 0.040079123065562473 0.033332785801194198 0.11200932974362852 0.036952200241858045 0.031480982255992891 0.10856796888902727 0.017575503002971633 0.045391995577799993 0.10576083502554248 0.01053238760367874 0.0609215150474385 0.08535989424266191 0.058121625562466001 0.038957999676964138 0.069582748486929469 0.057296785636812501 0.11039003995885237 0.077728653982063162 0.021969436558518952 0.1287021585788059 0.07248547161810652 0.0020786381576278039 0.0076645361725178208 0.10185385677919141 0.094618039292985179 0.012217195375803602 0.021517658921112119 0.11390716324788322 0.061512811201186873 0.0065276366672275968 -0.0034869035464854363 0.1019097986073362 0 -0.011116744685782118 0.044647920436003172 0.066471108834806419 0.091440078637037722 0.017234263955796466 0.044336695745174917 -0.0084749832133933882 0.049656174281258778 0.0051028497151516796
leaf_weight=445.28309623897076 2.9687631055712691 717.710838124156 100.77242785692215 3.4216357395052972 3.5224573686718932 5.2382526695728293 399.46813452243805 1.7730074077844671 26.386258780956268 1.9235668703913678 2.1059797853231483 81.645155198872089 6.7859454452991468 2.0668543130159369 2.9133346155285826 4.3515073359012604 15.614794775843619 2.2128684744238845 2.448765367269516 2.2580162137746811 3.4034359455108669 18.017699368298054 4.4862456619739532 4.2859485596418381 2.4727751463651684 5.3648094981908798 8.4718866124749166 3.1191412806510908 11.897855661809446 112.42100360989571 2.0330781266093316 2.0953774601221076 3.0884737372398368 3.138491712510584 3.347851574420929 2.6368690654635421 3.6253716871142379 5.6685700416564924 3.9542690068483353 14.415262721478941 3.2296907827258101 2.3766861408948898 1.9091759398579595 3.2442463859915724 3.455571621656417 2.1981644630432129 9.5305106788873655 2.5019345581531516 30.046173371374607 4.8088958933949462 5.7066113203763953 2.5953589826822281 2.8835581913590431 4.2130647078156471 2.8687361031770706 3.2456367313861838 2.5054202526807776 2.4297845512628555 2.5822099894285184 7.9283993244171143 9.9538027048110944 8.8375631943345052
leaf_count=6662 35 11206 1337 38 46 65 6140 25 389 26 29 1133 95 28 40 59 224 31 34 31 43 247 60 59 30 64 108 38 140 1616 29 30 34 39 41 36 42 69 49 153 35 32 28 40 43 27 121 31 373 65 82 31 40 58 40 40 36 35 37 114 143 127
internal_value=0.000144432 -0.0100105 0.0466712 0.0707237 0.00220878 -0.0023872 -0.0172569 0.0323643 0.0123773 0.0636524 0.0264264 0.0225146 0.0367602 0.0488789 0.0392919 0.059509 0.0147986 0.0406415 0.0124391 0.0759391 0.0647003 0.0449613 0.0666813 0.0136936 0.0632963 0.0663559 0.0593701 0.0868808 0.0838335 0.013437 0.015273 0.0272208 0.105233 0.0445862 0.0297712 -0.00322423 0.0886459 0.0720396 0.0558116 0.111538 0.119279 0.043615 0.060708 0.0554011 0.0369423 0.0642414 0.0605777 0.0572311 0.0661361 0.0400608 0.0239538 0.0691514 0.0277055 0.0102125 0.0201108 0.0338085 0.0283502 0.0570818 0.0234793 0.00465948 0.0327339 0.0165016
internal_weight=2167.87 1779.52 388.344 144.543 662.344 456.042 1117.18 243.801 206.303 120.387 138.22 108.862 27.2164 17.9816 15.9148 8.7155 179.916 29.3586 9.23471 6.60952 118.464 27.1457 9.12799 7.19928 115.495 98.7969 71.1781 8.48395 27.6188 172.108 156.493 44.0722 24.1551 16.6982 10.6994 450.804 25.1461 13.2482 9.62284 21.0666 17.645 7.80832 5.43163 62.6941 14.1256 5.65374 48.5685 45.3243 32.5481 105.581 41.9769 5.99879 5.52043 7.35156 4.64174 12.7761 36.2703 4.9352 31.3351 10.5106 20.8244 10.8706
internal_count=32178 27117 5061 1748 9771 6803 17346 3313 2968 1488 1911 1508 375 246 218 119 2579 403 129 90 1462 372 125 99 1427 1215 885 102 330 2473 2249 633 260 212 138 6738 300 160 118 226 188 106 74 783 178 70 605 565 404 1402 603 74 76 97 65 161 521 71 450 151 299 156
is_linear=0
shrinkage=0.02


Tree=4
num_leaves=63
num_cat=0
split_feature=2 0 0 2 51 2 0 0 8 0 60 6 22 22 9 9 35 24 21 60 60 37 37 8 20 62 61 60 33 37 52 60 9 8 60 52 45 46 9 22 6 59 34 61 28 53 43 22 2 43 20 23 55 29 20 60 37 58 34 45 23 46
split_gain=2398.46 347.079 322.867 68.416 50.7638 54.1725 38.3955 27.9071 23.7456 21.7635 24.5731 18.6194 17.9007 21.1923 23.5153 17.7294 16.7271 16.2768 16.1769 15.3495 17.4862 25.7708 19.7054 19.9946 15.3413 15.3291 14.2718 14.1158 13.5757 13.4965 18.5783 19.2592 19.2432 27.5514 17.9448 14.1792 13.4221 20.2422 16.8696 16.7228 28.9073 19.5482 17.925 13.4782 13.6939 15.7122 17.863 13.4129 13.2249 12.9843 18.8485 14.5153 19.7534 15.2739 13.0134 12.9631 21.01 16.2798 17.9566 16.2548 14.7725 12.9536
threshold=0.16530054644808748 2.9500000000000006 19.550000000000004 0.69047619047619058 0.055558333333333342 0.10929288103201149 4.0500000000000007 64.350000000000009 1.1578480501008548 2.3500000000000001 0.082860200000000023 -1.2216442315407368 0.16705 0.098350000000000007 513.00000000000011 447.00000000000006 0.12250000000000001 0.11550000000000001 0.33225000000000005 0.10336860000000002 0.057464400000000006 37.835000000000008 38.690000000000005 0.50697289908980536 0.16305000000000003 -0.91420800000000069 1.5023809523809526 0.08142950000000003 27.500000000000004 37.545000000000009 -1.5749999999999977 0.14161720000000003 483.00000000000006 0.49999999999999917 0.0081295000000000013 -0.96250000000000024 0.046925000000000001 0.024239285714285717 483.00000000000006 0.086650000000000019 -0.80914015333249956 0.077885430000000019 1.5000000000000002 0.33385039641502939 1950.0000000000002 0.06458333333333334 190.50000000000003 0.11545000000000001 0.57189542483660138 252.50000000000003 0.059150000000000008 0.29945000000000005 1.0329787234042556 9.5000000000000018 0.15975000000000003 0.014101100000000002 36.390000000000008 0.8187500000000002 2.5000000000000004 0.045387500000000004 0.25665000000000004 0.030025000000000003
decision_type=2 2 2 2 2 2 2 2 2 2 2 2 2 2 2 2 2 2 2 2 2 2 2 2 2 2 2 2 2 2 2 2 2 2 2 2 2 2 2 2 2 2 2 2 2 2 2 2 2 2 2 2 2 2 2 2 2 2 2 2 2 2
left_child=2 3 4 9 5 -1 12 -4 16 10 15 29 13 19 -15 -2 36 -13 -6 20 22 -22 23 55 -18 28 49 -10 -12 30 -11 32 34 -34 -32 -36 37 -8 -38 41 42 43 -41 44 45 -39 -47 -44 -27 50 -17 52 -52 -53 -54 56 59 -57 -59 60 -3 -7
right_child=1 6 7 -5 18 61 8 -9 27 11 25 17 -14 14 -16 26 24 -19 -20 -21 21 -23 -24 -25 -26 48 -28 -29 -30 -31 31 -33 33 -35 35 -37 38 39 -40 40 -42 -43 47 -45 -46 46 -48 -49 -50 -51 51 53 54 -55 -56 57 -58 58 -60 -61 -62 -63
leaf_value=-0.0038888003410161571 0.042934589509116793 0.072117774271627827 -0.013721300462697096 0.11138210174202401 0.025101231842865342 0.011968888107162805 0.020385104553578684 -0.020147807074105958 -0.014944985375852702 0.0097283606579620669 0.036441716354113862 0.10518123507243943 0.0021304271684259891 0.044290841168712562 0.089446156352774669 0.036326112106976838 0.0052046576917407572 0.037295612230082591 0.084247316500386291 0.012729004316304381 0.068234776277675047 -0.0090114832854687327 0.083355587787361587 0.011986495727774217 0.047167430525423673 0.031926137058324089 0.028002040285948465 0.040285960282487619 0.10429916841495498 0.071905235801946063 0.07582922975293066 0.085898583150811905 0.086407275389793009 0.026356769666817121 0.065027367458119975 0.015200944354386516 0.0085626654207579395 0.090367115568278131 0.032913001299176396 -0.0016142554932862322 0.085821165161788365 0.034609759868701705 0.017609820794791529 0.1063602279585944 0.0058484420965858788 0.074814015229512587 -0.0028515195360724749 0.072164983471459498 0.067989032383745568 0.11458110146768491 0.040375785922377831 0.050346439227672957 0.098870032381583872 0.11098776881990759 0.04553285085147607 0.013539234125578281 0.0085569370132636859 0.084017594075800159 0.0062303667246232965 0.10267463562577835 0.0033951515689804382 0.00026223465844011805
leaf_weight=408.03703365474939 6.3056285455822936 3.0466360747814196 511.18071114271879 12.238215707242487 4.9641259238123876 144.45112834870815 36.896799728274345 589.49339575320482 9.7569836974143964 6.1561351269483557 2.2446989938616779 4.7184243127703658 5.7133720368146887 30.382828958332539 5.7758441269397727 4.3021375536918631 26.626766718924049 2.5532398223876953 3.2393652498722076 13.178356222808359 11.841033756732939 1.9020458608865727 2.7024865671992293 19.364896468818188 3.9183309376239768 14.672802187502386 2.2534775212407103 2.1142256632447234 3.8030723109841347 8.3671589940786344 2.9160712659359005 4.8532928302884093 7.5917332023382169 5.642745278775692 2.6113765612244597 16.530387923121456 28.255435265600681 4.8444889262318593 19.618531867861748 10.102079659700399 2.6415972039103499 18.312627606093884 5.4464004933834058 2.9725422859191886 2.0304561033844939 2.1294698193669319 2.2968353107571602 2.8351441994309425 6.2702567875385276 5.988481529057025 6.5758717879653004 2.6092110797762862 8.9360553920268995 11.555782705545424 3.1022665947675696 12.294584155082704 3.1490250080823889 3.2510933205485335 1.9974320009350774 3.7022602036595345 2.238038532435894 51.918504260480404
leaf_count=6138 72 40 7978 119 64 2063 505 9368 140 74 26 53 76 389 71 50 371 31 39 174 153 25 34 251 54 174 27 30 42 100 34 57 88 68 32 203 388 64 268 138 36 250 74 39 27 28 31 39 66 65 77 29 100 126 35 160 41 41 26 45 29 743
internal_value=0.000139525 0.0409975 -0.0106915 0.0655611 0.000941521 0.000259713 0.0285058 -0.0171682 0.0225989 0.0614358 0.0686935 0.0520317 0.0373017 0.0390205 0.0519261 0.0770518 0.0245218 0.0829849 0.0499092 0.0329631 0.0369506 0.0573461 0.031326 0.0281526 0.0108896 0.0522575 0.0815751 -0.00447902 0.0810887 0.047644 0.0429772 0.0479461 0.0423009 0.0616102 0.0302425 0.0226067 0.0274941 0.032087 0.0186754 0.0400054 0.0255017 0.049112 0.0160479 0.0669563 0.0550725 0.0652702 0.0350849 0.0375939 0.0432721 0.0842018 0.0787732 0.0840622 0.0705592 0.100672 0.0861007 0.0384867 0.0546478 0.0267687 0.0559655 0.0700641 0.044463 0.00889157
internal_weight=2167.42 454.137 1713.28 152.799 612.61 604.407 301.339 1100.67 180.799 140.56 78.6197 61.9406 120.54 114.827 36.1587 51.6289 168.928 7.27166 8.20349 78.6679 65.4895 13.7431 51.7465 49.044 30.5451 26.9908 45.3233 11.8712 6.04777 54.6689 46.3017 40.1456 35.2923 13.2345 22.0578 19.1418 138.382 90.5084 47.874 53.6116 21.0252 32.5864 18.3836 14.2738 11.3013 9.27079 4.42631 8.28154 20.9431 43.0698 37.0813 32.7792 18.6142 14.165 12.0383 29.6791 12.136 17.5431 5.24853 8.98693 5.28467 196.37
internal_count=32178 5785 26393 1748 9047 8944 4037 17346 2482 1629 889 740 1555 1479 460 581 2312 84 103 1019 845 178 667 633 425 308 509 170 68 656 556 482 425 156 269 235 1887 1231 656 726 287 439 251 189 150 123 59 113 240 482 417 367 212 155 135 382 155 227 67 114 69 2806
is_linear=0
shrinkage=0.02


Tree=5
num_leaves=63
num_cat=0
split_feature=2 0 0 51 2 2 0 43 44 47 25 36 36 26 52 24 25 2 37 36 9 61 61 8 38 42 9 42 52 2 25 9 25 61 32 38 8 43 44 49 51 51 57 27 44 29 61 52 62 49 55 22 46 37 55 61 47 43 51 47 50 54
split_gain=2263.25 341.117 301.474 58.7555 54.3426 54.0495 31.0366 27.1841 23.7988 23.7487 18.317 18.2705 17.1011 16.6663 22.9314 15.7082 17.3586 15.2073 14.1347 13.6847 13.503 16.4264 13.5232 15.7834 14.5108 18.5483 16.4304 13.3594 16.5078 13.2805 15.641 13.0867 13.0304 24.0641 14.1681 16.6598 15.8114 15.666 15.4629 13.0228 17.614 12.5179 12.3415 13.3669 12.2257 15.5118 14.4275 16.2504 22.9143 14.0569 13.6899 12.0092 11.8744 11.8186 18.2044 12.903 12.319 20.0868 11.7589 17.9198 13.4671 14.2736
threshold=0.16530054644808748 3.0500000000000003 21.350000000000005 0.095675000000000024 0.10929288103201149 0.54093567251462005 4.1500000000000012 668.50000000000011 13.500000000000002 0.0049298985959438388 0.025150000000000002 0.35855000000000004 0.32735000000000009 0.065150000000000013 0.55750000000000111 0.16965000000000002 0.045600000000000009 0.69047619047619058 37.290000000000006 0.28800000000000009 511.00000000000006 0.622705314009662 0.18593870364256634 1.0690449676497005 5.2250000000000005 18.500000000000004 481.00000000000006 64.500000000000014 -0.49999999999999906 0.48809523809523814 0.065050000000000011 441.00000000000006 0.071600000000000011 0.35004376094023515 2.5000000000000004 1.6350000000000002 0.77505582569747189 252.50000000000003 158.50000000000003 -1.1345999999999996 0.085150000000000017 0.048500000000000008 0.0075398600000000015 0.075850000000000015 190.50000000000003 14.500000000000002 0.5078144078144079 -1.8290624999999989 0.075462000000000543 -0.40489999999999998 0.63404255319148939 0.080650000000000013 0.031258333333333339 36.310000000000009 1.1873670212765959 0.097801932367149777 0.052655508474576278 333.50000000000006 0.026373333333333335 0.032356601731601736 1.0956250000000003 1.1914062500000002
decision_type=2 2 2 2 2 2 2 2 2 2 2 2 2 2 2 2 2 2 2 2 2 2 2 2 2 2 2 2 2 2 2 2 2 2 2 2 2 2 2 2 2 2 2 2 2 2 2 2 2 2 2 2 2 2 2 2 2 2 2 2 2 2
left_child=2 5 3 4 41 7 20 12 13 -4 -6 44 19 -8 -15 16 -14 -7 -17 -2 22 -22 23 24 25 51 -26 28 -21 30 -30 -18 33 -33 35 -34 -36 -37 -39 40 -24 -1 43 -32 49 -46 47 -47 -49 -10 -51 -3 53 56 -55 -56 -12 -58 60 -60 61 -57
right_child=1 6 9 -5 10 17 8 -9 11 -11 52 -13 15 14 -16 18 31 -19 -20 27 21 -23 39 -25 26 -27 -28 -29 29 -31 42 32 34 -35 36 37 -38 38 -40 -41 -42 -43 -44 -45 45 46 -48 48 -50 50 -52 -53 -54 54 55 58 57 -59 59 -61 -62 -63
leaf_value=-0.0046903553140339258 0.04233843684735196 0.05462153301308529 -0.01920647099792527 0.067402771916447779 0.064155486960089783 0.071921405148284004 0.018294303480033997 -0.0060590371261044678 0.0023603562620967068 -0.0123662235701295 0.0043033691436247124 0.0028751806227141634 0.011880065914181432 0.028388229334328722 0.13052937010802035 0.016802224908079338 0.021902222891879326 0.100099526954573 0.067816437242320421 0.099313917469719515 0.039508619124139284 0.088654542097452133 0.019606213166981891 0 0 0.087199411021659498 0.055059951797908194 0.028015366764526723 0.095160630652683181 0.096594111716245448 0.063129954578964836 0.044314914499783933 0.077852304706001851 0.10485881573604999 0.083539000176280492 0.011423809786295923 0.023161840695060484 0.082703191150123104 0.023739060010299282 0.020833389576424669 0.099184548259974845 0.027423935724169925 0.062538539185200775 0.010616832186599904 0.012232540921805281 0.022441447371067472 0.0092817581697608748 0.11086371158608628 0.033855580614243527 0.070085199996389694 0.020862138493239622 0.028007643390434028 -0.00095547009882180755 0.011104655938639095 -0.0083767459808111629 0.01301981923158896 0.060490470184919147 -0.018406277764087535 0.1031160417406778 0.018893157622123482 -0.018207530969383573 0.085162911916555298
leaf_weight=448.03450225666165 11.025867253541945 15.528639242053034 751.02446310222149 4.9840104207396498 2.1836519539356223 32.682934358716011 2.8506951034069052 2.780521720647811 17.276519946753979 284.09492760896683 89.224243156611919 24.237860471010208 3.9793180152773848 1.8495589867234232 1.9526697546243665 10.650635853409765 4.3986103832721701 13.184397324919699 2.7423283383250228 8.2418815940618497 14.158557102084162 3.6470817029476157 2.7527378350496283 3.7447749078273764 6.2903473898768407 4.4351906403899184 3.232294999063015 3.4365746900439254 4.4507710412144688 5.2309165969490996 3.1337638050317782 5.2632860839366895 4.050918869674212 6.6150590181350708 8.9291840940713865 8.2064634934067708 2.506446808576583 3.4720204398035994 4.2179538086056709 50.88161862641573 1.9990153536200521 4.7352324500679961 16.850071355700493 5.3547642752528191 7.504775799810889 3.4725238606333733 3.0813957899808875 3.7703335732221586 3.0891887620091438 2.2476845607161513 105.42582098394632 14.271753087639807 48.497678972780704 38.300429150462151 1.8277458176016796 2.7416825890541059 3.7483093962073317 1.7697750180959699 2.7374948412179947 1.8293028101325033 1.6983217075467107 1.911780387163162
leaf_count=6797 129 194 12100 55 31 335 38 36 234 4468 1264 331 47 25 26 124 51 119 31 91 172 44 36 49 81 56 41 38 49 55 35 59 46 72 100 96 29 38 49 648 25 64 192 62 101 46 42 49 41 30 1421 178 693 539 26 39 53 25 39 26 25 27
internal_value=0.000173073 0.0390314 -0.010618 5.09116e-06 -0.000523129 0.0615156 0.0260514 0.0545093 0.020633 -0.0173341 0.00825172 0.0191185 0.0559113 0.0576399 0.084566 0.0483923 0.0534995 0.0803862 0.0281048 0.0641829 0.0339103 0.0503986 0.0309656 0.0389503 0.042312 0.0484545 0.0195095 0.0691245 0.0722128 0.065353 0.0593105 0.0568635 0.0602612 0.0791684 0.0526671 0.0415357 0.0710358 0.0314529 0.051817 0.0240076 0.0557068 -0.0043389 0.0523727 0.0311103 0.0217913 0.0361308 0.0489975 0.0602537 0.0780777 0.0193262 0.0220136 0.0421801 0.00755896 0.01041 0.0181874 0.0388605 0.00616578 0.0348398 0.0470454 0.071689 0.0276206 0.0450168
internal_weight=2158.45 469.106 1689.34 654.224 649.24 171.405 297.701 125.537 176.759 1035.12 196.47 170.106 122.757 6.65292 3.80223 65.0322 51.6393 45.8673 13.393 57.7246 120.942 17.8056 103.136 47.503 43.7582 34.2356 9.52264 46.6987 43.2622 35.0203 29.7894 47.6599 43.2613 11.8783 31.383 19.9474 11.4356 15.8964 7.68997 55.6334 4.75175 452.77 25.3386 8.48853 145.868 20.9182 13.4134 10.332 6.85952 124.95 107.674 29.8004 194.287 145.789 51.0468 12.7463 94.7423 5.51808 10.9186 4.5668 6.35178 4.65346
internal_count=32062 5791 26271 9703 9648 1883 3908 1429 2384 16568 2787 2295 1393 89 51 742 587 454 155 651 1524 216 1308 599 550 428 122 522 484 393 338 540 489 131 358 229 129 183 87 709 61 6861 289 97 1964 279 178 136 90 1685 1451 372 2756 2063 721 182 1342 78 156 65 91 66
is_linear=0
shrinkage=0.02


Tree=6
num_leaves=63
num_cat=0
split_feature=2 0 0 2 45 2 0 2 44 37 36 43 56 48 27 58 45 54 1 19 23 56 58 44 23 60 38 22 6 62 61 6 46 8 60 9 48 44 61 8 38 52 9 49 6 44 52 62 62 8 23 8 22 23 52 57 6 25 44 23 52 2
split_gain=2126.05 297.401 296.734 45.621 56.673 44.75 27.9127 23.7163 21.23 19.806 16.9189 16.7056 19.6155 28.733 27.4069 16.3 16.0048 16.569 19.9139 16.6024 14.5241 13.3137 16.5467 15.4101 13.2172 21.2122 17.0494 13.0636 13.0291 16.3618 12.5787 16.0904 21.7514 20.7156 12.5572 11.7846 17.3281 12.6869 11.9941 14.2158 12.6576 16.5962 14.8797 11.5961 15.1341 11.4007 17.4869 14.5181 14.4474 21.5123 12.8967 19.1831 15.6551 14.131 19.7514 14.7705 14.0833 13.9087 13.9082 12.0359 11.9161 11.7844
threshold=0.16530054644808748 3.0500000000000003 21.350000000000005 0.11173533083645444 0.063175000000000023 0.60661764705882371 4.1500000000000012 0.016194342601480182 13.500000000000002 36.310000000000009 0.35855000000000004 668.50000000000011 0.0095266500000000028 0.15084750000000005 0.10875000000000001 1.2618750000000001 0.032341666666666671 1.1914062500000002 1.9809776870881779 0.18105000000000002 0.23785000000000003 0.0041842200000000015 0.51250000000000007 197.50000000000003 0.30615000000000009 0.094239900000000015 4.9000000000000012 0.065650000000000014 0.22483645758956514 -0.2856500000000004 0.81807052561543603 -1.610647161377855 0.085850000000000024 0.47936453226136155 0.016914100000000005 511.00000000000006 0.061612500000000008 141.50000000000003 0.18593870364256634 1.0690449676497005 5.2250000000000005 -2.0224999999999995 481.00000000000006 -1.1345999999999996 -1.5984112325529647 36.500000000000007 -2.8606249999999993 -0.33304999999999979 -0.6665000000000002 0.67251012785658959 0.18065000000000003 0.69064806305853055 0.082150000000000015 0.34490000000000004 0.42500000000000521 0.015027245 -1.2388026877439489 0.14010000000000003 119.50000000000001 0.27790000000000009 -2.493749999999999 0.21980676328502419
decision_type=2 2 2 2 2 2 2 2 2 2 2 2 2 2 2 2 2 2 2 2 2 2 2 2 2 2 2 2 2 2 2 2 2 2 2 2 2 2 2 2 2 2 2 2 2 2 2 2 2 2 2 2 2 2 2 2 2 2 2 2 2 2
left_child=2 5 3 4 28 11 35 -4 -8 -5 45 12 13 21 20 24 17 19 -19 -11 -14 22 -2 -24 -16 26 -26 -7 29 -1 31 32 -23 -34 -22 38 -37 -38 39 40 41 -3 -42 44 -40 -10 -47 48 60 -50 51 58 -52 54 56 -55 -54 -57 -49 -58 -48 -56
right_child=1 6 7 9 -6 27 8 -9 10 16 -12 -13 14 -15 15 -17 -18 18 -20 -21 34 30 23 -25 25 -27 -28 -29 -30 -31 -32 -33 33 -35 -36 36 37 -39 43 -41 42 -43 -44 -45 -46 46 47 50 49 -51 52 -53 53 55 61 57 59 -59 -60 -61 -62 -63
leaf_value=-0.0079210198351800688 0.084842035927112674 0.083541222509229768 -0.019905246228584198 0.0035583671961238604 0.062250799481456655 0.04692891044124025 0.054069155239184444 -0.013695262543118257 0.00673294675368872 0.014009890443351367 0.0028112059156164466 0.004214154728997525 0.054541240061267954 0.12857352222182988 0.043212047062972887 0.10614340821663618 -5.3894503257536714e-05 0.090931776936959391 0.017907590455369604 0.056931029119466799 0.04619412821802113 0.019396021604487172 0.026836485463789823 0.080577911431996246 0.089265400361600356 0.042027064617733347 0.037466071016445536 0.086356844549970654 -0.013454666236574753 0.00029345980165036055 0.10191991068575758 0.077029963614735297 0.033163884000489488 0.10651919821183398 0.0017349119882398855 0.082073991705491997 0.01844575640466092 0.058015806035948296 0.090932592554107627 0 0 0.04011486426028886 0.051694564085158989 0.020067194115303184 0.018718393045933767 0.006335556937545124 0.050316056089218374 0.089022157409073849 0.035847431371503424 0.087318735556220009 0.0077675873797074151 -0.0086436586335539699 0.075202542356973864 -0.011794612453825222 0.010193368412200478 0.07214684422866241 0.068826212492116096 0.0011301095072191454 0.025745837795046338 0.013024891134083279 0.0036545223044197788 0.050345468072823016
leaf_weight=157.61389099806547 3.5830382853746441 4.2090206071734384 582.39089795202017 123.57095425575972 5.0533056333661071 5.0134057030081776 6.9635239839553824 437.28869033232331 20.183909617364407 39.069408342242241 24.296466551721096 2.9302055016160002 4.7975698634982136 2.6303023323416701 40.78634075075388 2.3427989259362212 15.878101028501986 2.869779370725154 3.3906669914722443 3.9239491596817961 3.351617455482482 7.0440157651901227 13.690301172435285 2.5738623961806288 12.39018083363772 13.532368324697016 3.8743572235107413 25.064431384205818 52.744242928922176 250.04007947444916 4.3523547649383536 15.126596592366697 3.457292228937149 3.2620351389050484 9.8810641095042211 4.461859434843066 8.2339599728584272 5.843252256512641 2.1526324450969696 3.7447749078273764 6.2903473898768407 31.397484280169014 3.3820468410849571 51.764449916779995 2.8127251341938964 21.17432164400816 3.1811906173825264 3.4602674767374975 13.033055156469347 4.6174757331609717 29.605020195245743 1.8523794263601301 6.0359719693660736 6.5039263814687711 13.624614663422109 1.9812705442309377 2.2801317945122737 2.4798600673675537 2.7997062653303146 5.0281359180808067 6.9330262020230311 3.7336697652935973
leaf_count=2395 38 50 9572 1747 54 46 89 6996 267 544 331 38 52 26 451 25 225 39 47 55 35 76 150 28 131 147 43 216 807 3790 44 156 37 33 111 53 95 68 25 49 81 378 41 648 36 279 42 45 171 61 390 25 79 88 183 26 30 33 37 67 92 49
internal_value=0.000168515 0.0370934 -0.0105035 5.77496e-06 -0.00335264 0.0575021 0.0250006 -0.0172474 0.0198867 0.00830156 0.0184462 0.0528531 0.053799 0.0634932 0.0477327 0.0532425 0.0172257 0.0228402 0.0531942 0.0181811 0.0250274 0.0598593 0.0456877 0.0361827 0.0512228 0.0618164 0.0775642 0.0801497 -0.00409925 -0.00287695 0.0679872 0.0622718 0.0451807 0.0707608 0.0136114 0.0323401 0.0474537 0.0355201 0.0295989 0.0369914 0.0400791 0.0456611 0.0188413 0.0230771 0.0523603 0.0209785 0.0231853 0.0264736 0.0390964 0.0501035 0.0219557 0.0459952 0.0190866 0.0270004 0.0339628 0.00704054 0.0523114 0.0346415 0.0624552 0.0318709 0.0191439 0.0193585
internal_weight=2157.58 483.745 1673.83 654.154 465.452 179.684 304.06 1019.68 179.768 188.703 172.804 149.606 146.676 55.7198 90.9563 72.926 65.1319 49.2538 6.26045 42.9934 18.0303 53.0895 19.8472 16.2642 70.5832 29.7969 16.2645 30.0778 460.398 407.654 33.2423 28.8899 13.7633 6.71933 13.2327 124.293 18.5391 14.0772 105.753 49.0237 45.2789 35.6065 9.67239 56.7298 4.96536 148.508 128.324 107.15 27.7647 17.6505 79.385 8.11235 71.2726 41.6676 30.7025 10.9651 13.3442 4.46113 6.25997 7.30827 10.1142 17.3583
internal_count=32062 5791 26271 9703 7046 1883 3908 16568 2384 2657 2295 1621 1583 588 995 797 910 685 86 599 198 562 216 178 772 321 174 262 6992 6185 346 302 146 70 146 1524 216 163 1308 599 550 428 122 709 61 1964 1697 1418 366 232 1052 107 945 555 408 147 176 59 82 97 134 232
is_linear=0
shrinkage=0.02


Tree=7
num_leaves=63
num_cat=0
split_feature=2 0 0 51 2 2 0 2 43 44 25 36 26 20 36 24 25 6 62 46 20 2 26 50 24 44 29 61 45 9 36 33 62 9 48 61 53 61 8 38 33 9 45 47 43 11 62 54 19 1 62 54 25 61 32 50 24 6 38 43 44 61
split_gain=2000.9 292.021 261.207 50.3435 51.7699 38.6898 25.1676 21.9381 21.8092 18.8749 16.3421 15.7086 13.5539 14.9352 13.2801 12.7806 14.2162 12.3897 13.2312 10.9541 10.9289 11.4499 11.9728 14.1193 11.4647 10.8724 13.1878 12.469 13.001 10.7895 10.5591 10.6883 10.8398 10.3672 14.495 11.4319 12.1335 10.676 12.8512 11.0918 14.5124 13.5248 10.3187 10.0929 22.617 12.6225 10.2601 12.7783 17.8708 17.6378 10.0665 12.0492 10.0146 17.8112 12.0474 15.7121 18.007 23.396 13.6038 13.5998 12.2439 10.1614
threshold=0.16530054644808748 22.150000000000002 3.0500000000000003 0.095675000000000024 0.10929288103201149 0.54093567251462005 4.1500000000000012 0.016194342601480182 668.50000000000011 13.500000000000002 0.025150000000000002 0.35855000000000004 0.065150000000000013 0.10565000000000001 0.32735000000000009 0.16965000000000002 0.045600000000000009 0.22483645758956514 -0.2856500000000004 0.031258333333333339 0.061050000000000007 0.7417582417582419 0.14235000000000003 0.79375000000000007 0.16630000000000003 190.50000000000003 14.500000000000002 0.57789366941909326 0.020356250000000003 441.00000000000006 0.28800000000000009 64.500000000000014 -0.29560000000000036 511.00000000000006 0.061612500000000008 0.5248456790123458 0.11805555555555557 0.18593870364256634 1.0690449676497005 5.2250000000000005 18.500000000000004 481.00000000000006 0.057975000000000006 0.052655508474576278 348.50000000000006 3.5000000000000004 -0.45705200000000018 1.1914062500000002 0.18105000000000002 1.9809776870881779 -0.6569789999999992 1.1244419642857146 0.071600000000000011 0.35004376094023515 2.5000000000000004 0.73437500000000011 0.11295000000000001 -1.6253880328678718 1.6350000000000002 252.50000000000003 158.50000000000003 0.86291902862341663
decision_type=2 2 2 2 2 2 2 2 2 2 2 2 2 2 2 2 2 2 2 2 2 2 2 2 2 2 2 2 2 2 2 2 2 2 2 2 2 2 2 2 2 2 2 2 2 2 2 2 2 2 2 2 2 2 2 2 2 2 2 2 2 2
left_child=1 3 5 4 17 8 33 -3 14 12 -6 25 -8 -14 30 16 -16 18 -1 43 -7 22 23 -22 -24 -11 -27 28 -28 -18 -2 32 -32 37 -35 36 -36 38 39 40 -4 -41 -42 46 45 -45 47 48 -12 -49 -30 -52 53 -31 58 56 57 -56 -54 -60 -61 -55
right_child=2 7 6 -5 10 20 9 -9 -10 11 19 -13 13 -15 15 -17 29 -19 -20 -21 21 -23 24 -25 -26 26 27 -29 50 52 31 -33 -34 34 35 -37 -38 -39 -40 41 42 -43 -44 44 -46 -47 -48 49 -50 -51 51 -53 54 61 55 -57 -58 -59 59 60 -62 -63
leaf_value=-0.0076693849699514226 0.037682020091588761 -0.019851815336494306 0.03766984367846319 0.059441203795154454 0.059083047459841755 0.026259054415689903 0.015939129634692403 -0.013768515883880107 -0.0060328213342642611 0.017921926431970922 0.0071453885159609241 0.0027488054885569583 0.11014177874802339 0.030722917925362157 0.010367087719302592 0.025097215568842847 0.019299873088001362 -0.013181998865154802 -0.00027005011424603291 -0.0010153138836700752 0.067835241907184748 0.094113629089447315 0.038067149540624463 0.11538374411418521 0.069679485697974594 0.011457609323846518 0.0058475619660623788 0.0054118291358937519 0.024762356909692182 0.039490352371801707 0.085054797224183853 0.024740688703247877 0.05780324486142522 0.075444865430676633 0.047266399736179077 0.06701634533679815 0.0048841777424277989 0.022201941343323914 0 0 0.042608785254794224 0.048680810391211332 0.10673908710229232 0.078419485178706394 -0.019066235513736103 0.013329430057397116 0.0046874254457867802 0.078336884830981418 0.049731076751531086 0.010750001470578243 0.099644382416346017 0.041180541688536375 0.0678039198450794 0.10834071057366787 0.0074817297189846352 0.028470650229198383 0.12102939147529894 0.090768761919547927 0.0095323807182213557 0.071674662697120597 0.021203236506555447 0.052290879514480929
leaf_weight=157.83370010182261 11.855763770639895 572.38025065511465 31.972954139113426 5.4649486839771262 2.3265287205576888 2.7217172384262076 3.0272819697856894 416.46588723734021 2.7762631475925437 129.13968323916197 36.592675611376762 24.353876866400242 2.1213080585002899 2.1320900544524193 4.1564987525343886 14.205619126558302 4.6650657430291167 55.982547365128994 251.37891369685531 48.62652750313282 15.046449624001982 8.6923692375421506 10.678245559334757 3.7570629045367232 10.423161976039408 7.67216928303242 2.0245331302285186 2.798244781792163 2.4286119416356078 5.6658786758780462 8.5808319151401502 3.6705054789781562 39.191582359373569 4.7667224332690266 4.7467635720968229 3.2121776789426795 6.5200177058577538 57.797577790915966 3.7447749078273764 6.2903473898768407 2.6338789314031592 3.5273469686508179 2.3337678909301758 3.246997505426406 2.2604605183005333 2.1382081136107445 93.181386560201645 2.845629781484603 4.3290457203984252 3.5540664047002792 3.9603257328271857 3.020901121199131 4.5035197436809566 4.7349816262722015 2.5413566678762427 4.1724063977599135 2.7800972610712051 3.0285416692495337 8.6636872068047541 3.8818349018692953 4.4579190313816071 2.7890371754765511
leaf_count=2422 129 9572 372 55 31 27 38 6744 36 1685 505 331 25 26 47 155 51 869 3822 693 135 68 98 34 92 101 26 37 31 59 84 38 400 53 53 35 75 709 49 81 30 41 26 44 32 29 1310 36 58 49 47 37 46 45 27 43 29 30 96 38 49 27
internal_value=0.000164399 -0.0103895 0.0353227 -0.000187716 -0.000696087 0.0539599 0.0240196 -0.0172953 0.048193 0.0191857 0.00782925 0.0178172 0.050725 0.0734157 0.0493482 0.0429286 0.0473162 -0.00435269 -0.00313307 0.00716348 0.0690356 0.0712816 0.0658995 0.078332 0.054205 0.0202218 0.0334303 0.0448231 0.054014 0.0501802 0.0563068 0.060419 0.0630116 0.0308888 0.0448189 0.033861 0.0233892 0.0283272 0.0351914 0.0380379 0.0431322 0.0182083 0.0755685 0.00986654 0.0321888 0.0541789 0.00859748 0.0161945 0.0118887 0.0423664 0.0638089 0.0761651 0.0530969 0.068861 0.0466236 0.0627614 0.0787384 0.0544849 0.0367192 0.0277903 0.0459004 0.0893831
internal_weight=2156.47 1658.61 497.866 669.762 664.297 187.64 310.225 988.846 136.321 182.679 199.102 175.398 7.28068 4.2534 133.545 70.2464 56.0408 465.195 409.213 196.775 51.319 48.5973 39.9049 18.8035 21.1014 151.044 21.9048 14.2326 11.4344 51.8843 63.2987 51.4429 47.7724 127.546 19.2457 14.479 11.2668 108.301 50.5031 46.7583 36.9406 9.81769 4.96765 148.148 7.64567 5.38521 140.503 47.3214 40.9217 6.3997 9.40984 6.98123 47.2193 13.1899 34.0294 12.5224 8.35 5.5699 21.507 17.0034 8.33975 7.52402
internal_count=32062 26271 5791 9955 9900 1883 3908 16316 1429 2384 2787 2295 89 51 1393 742 587 7113 6244 2756 454 427 359 169 190 1964 279 178 141 540 651 522 484 1524 216 163 128 1308 599 550 428 122 56 2063 105 73 1958 648 563 85 115 84 489 131 358 129 86 57 229 183 87 72
is_linear=0
shrinkage=0.02


Tree=8
num_leaves=63
num_cat=0
split_feature=2 1 1 51 2 2 48 1 2 43 25 44 56 27 25 36 24 61 8 55 48 24 58 23 46 44 2 24 22 51 36 24 26 20 9 57 21 48 46 48 43 23 60 23 8 10 21 8 37 55 21 2 46 21 9 37 55 37 58 42 45 61
split_gain=1886.16 287.436 231.173 46.286 49.6437 33.0918 24.3043 22.1962 22.0473 19.5971 17.9675 17.833 17.8199 24.0773 14.8239 14.4246 14.1598 13.1245 14.2659 13.8083 12.7193 12.1054 16.4069 14.7109 13.6827 13.5454 13.4029 12.091 11.8036 11.7764 11.7369 14.1807 11.6597 12.0155 11.6161 19.0794 14.2018 13.1331 11.9296 14.6585 11.9859 10.7624 10.955 10.505 13.1604 13.1075 12.8304 18.6488 12.6942 11.9709 11.6047 12.196 10.3927 11.2566 14.4971 13.1511 14.321 11.4471 10.6765 10.4466 10.3858 18.9446
threshold=0.16530054644808748 3.0978349487009709 1.1150072000796054 0.095675000000000024 0.10929288103201149 0.54093567251462005 0.26932500000000009 1.4230357494997927 0.016194342601480182 668.50000000000011 0.16965000000000002 13.500000000000002 0.0095266500000000028 0.10245000000000001 0.025150000000000002 0.35855000000000004 0.10875000000000001 0.77089263176219713 -0.92038124423933187 1.2824468085106384 0.13388750000000002 0.083500000000000005 0.51250000000000007 0.19240000000000004 0.051933333333333338 201.50000000000003 0.48809523809523814 0.10185000000000001 0.10615000000000001 0.048500000000000008 0.36180000000000007 0.050100000000000013 0.065150000000000013 0.10565000000000001 447.00000000000006 0.0028790250000000003 0.33995000000000003 0.12362437500000002 0.042787500000000006 0.089231250000000026 126.50000000000001 0.20935000000000004 0.020753700000000003 0.29835000000000006 0.5121475197315829 1.5000000000000002 0.34815000000000007 0.60302268915552704 34.835000000000008 1.2396276595744682 0.37225000000000003 0.39230769230769236 0.031258333333333339 0.38470000000000004 493.00000000000006 36.310000000000009 1.1873670212765959 36.710000000000008 0.70625000000000016 38.000000000000007 0.049716666666666673 0.12233560090702948
decision_type=2 2 2 2 2 2 2 2 2 2 2 2 2 2 2 2 2 2 2 2 2 2 2 2 2 2 2 2 2 2 2 2 2 2 2 2 2 2 2 2 2 2 2 2 2 2 2 2 2 2 2 2 2 2 2 2 2 2 2 2 2 2
left_child=1 3 5 4 29 9 7 10 -3 12 60 32 20 41 -6 34 -12 18 -15 -19 21 22 24 -24 -2 26 30 -23 -8 -1 31 -25 -9 -34 35 -13 38 -38 39 40 -37 -14 -43 44 49 46 -45 -48 -47 50 -20 -52 53 55 -55 -16 59 -58 -59 -57 -4 -62
right_child=2 8 6 -5 14 -7 28 11 -10 -11 16 15 13 17 52 -17 -18 19 43 -21 -22 27 23 25 -26 -27 -28 -29 -30 -31 -32 -33 33 -35 -36 36 37 -39 -40 -41 -42 42 -44 45 -46 48 47 -49 -50 -51 51 -53 -54 54 -56 56 57 58 -60 -61 61 -63
leaf_value=-0.0046196474654684166 0.10749065364359367 -0.019798542735103248 0.023711637780521096 0.055724072032950316 0.055327026042045473 0.064419534591511146 0.10357036638030488 0.015439008319425214 -0.013657178334329395 -0.0059468649034498727 0.046700458559310584 0.066943949219069973 0.051477391039279244 0.014965997443668737 0.003676101256576525 0.0020250235299493257 -0.0091062136803573886 0.017170970947206904 0.066937182654592878 0.063393937632534966 0.088910927923464153 0.080498231934593822 0.0018990303640289091 -0.0076164472792050048 0.046474477291476565 0.088239711438966958 0.073146097394342621 0.03170758119394692 0.033511586582445359 0.026132404060433108 0.06083314287951435 0.034418435551983019 0.099413444067001144 0.029442880672991424 0.016189110236046654 -0.020187278840161516 0.079124755910710054 0.014757175736003981 -0.020040044069885531 0.055524475793361158 0.026238403112629604 0.033324803495016979 -0.0078427755973706527 0.091067608774425365 0.059828837210672024 0.11485521553980842 0.062559448109798521 0.011561421772003986 0.053621653449241712 0 0.00056671173396116064 0.05059181290619523 -0.00099593338629766796 0.013837562475247773 0.07695653056579406 0.019243731289644708 0.076584333330373622 -0.0033440975136981559 0.037813305814687601 -0.001569597957555353 0.070021217033106584 0.032639584533343362
leaf_weight=458.6051663570106 2.9216194897890082 562.54125656187534 49.648040793836117 5.72020050138235 2.443721503019332 53.897596172988415 2.0816435962915412 3.0672855377197257 411.51502063125372 2.7623727768659583 2.1781256869435301 4.8013598918914822 2.5526524037122718 4.6723701953887931 90.563495181500912 24.254422970116138 8.0457698181271535 12.006141878664492 4.327979080379011 3.3490833267569533 4.6793883666396132 10.108689010143278 3.9636819288134602 4.3363573700189688 4.1979999169707298 2.5575969815254203 3.8096728250384322 3.1666865646839133 2.3770906701683998 4.8609548285603514 4.1624545827507964 10.731804393231867 2.3172667101025581 2.1862455606460571 125.41125872731209 3.5814929977059382 2.824550472199916 2.591522105038166 3.3610756993293753 3.4696230962872496 5.2581162303686142 3.7916245907545072 7.2065138444304466 2.8401210531592396 12.483986698091028 3.6326441541314116 7.1233844533562642 5.1409728974103928 3.2676573321223259 3.6640520617365828 4.2259846478700638 3.6828479096293449 48.584674522280693 4.9165261685848227 2.0811379477381706 21.33074339479208 2.0875775292515746 3.4508681148290616 7.9006301090121269 17.019569076597691 6.1405641585588446 62.649288259446621
leaf_count=7049 27 9572 587 55 31 454 25 38 6744 36 25 59 25 49 1268 329 95 129 45 35 42 94 41 46 42 25 35 31 29 64 40 108 25 26 1605 46 37 34 44 44 67 38 79 27 127 35 68 52 33 38 45 37 693 67 28 291 27 47 103 232 69 724
internal_value=0.00016069 -0.010276 0.0336959 -0.000183387 -0.000682126 0.0508179 0.0230954 0.0223939 -0.0172095 0.0455481 0.0288103 0.0178495 0.0466014 0.0405081 0.00762688 0.0164972 0.00299715 0.0452289 0.0499008 0.0279618 0.0557746 0.052354 0.0457848 0.0386405 0.0736272 0.0441689 0.0386084 0.0695675 0.0691771 -0.00428229 0.0310983 0.0221685 0.0478884 0.0681346 0.0187931 0.0311267 0.0224146 0.0500924 0.0122746 0.021474 0.00707168 0.0155308 0.00633813 0.0530267 0.0441124 0.0640137 0.0520826 0.0418217 0.0880412 0.0311425 0.0405378 0.0247419 0.00698138 0.00959491 0.0342502 0.00832709 0.0163684 0.0341261 0.0251601 0.00995889 0.0310066 0.0361651
internal_weight=2155.13 1643.62 511.509 669.565 663.845 195.264 316.245 311.786 974.056 141.366 128.662 183.124 138.604 83.968 200.379 175.553 10.2239 70.4172 55.062 15.3552 54.636 49.9566 36.6812 29.5616 7.11962 25.5979 23.0403 13.2754 4.45873 463.466 19.2306 15.0682 7.5708 4.50351 151.299 25.8877 21.0864 5.41607 15.6703 12.3092 8.83961 13.5508 10.9981 50.3896 28.3849 22.0048 15.1045 12.2644 6.9003 15.9009 12.2368 7.90883 197.935 149.351 6.99766 142.353 51.7894 13.4391 11.3515 38.3503 118.438 68.7899
internal_count=32062 26271 5791 9955 9900 1883 3908 3854 16316 1429 1500 2354 1393 862 2787 2265 120 720 556 164 531 489 364 295 69 254 229 125 54 7113 194 154 89 51 1936 331 272 71 201 157 113 142 117 507 292 215 147 120 68 165 127 82 2756 2063 95 1968 700 177 150 523 1380 793
is_linear=0
shrinkage=0.02


Tree=9
num_leaves=63
num_cat=0
split_feature=2 0 0 2 46 2 2 0 37 36 43 27 43 54 37 36 43 61 56 61 0 60 6 40 36 6 62 37 62 8 43 55 40 36 2 43 34 8 57 9 9 19 52 46 24 9 32 5 9 1 22 37 47 8 57 9 25 8 32 55 55 62
split_gain=1780.31 282.899 205.97 41.7804 43.2436 29.1486 22.1555 20.6732 17.0331 16.7383 13.3308 13.2473 16.3763 26.7537 21.4339 13.9081 21.3005 13.1971 16.9202 20.2139 12.6883 14.2253 13.3242 16.0736 12.7788 12.5639 15.254 11.7447 12.1472 11.6924 11.255 12.2333 14.7971 13.9228 11.2001 10.7797 15.8017 17.4128 12.7291 19.3295 13.0912 10.1161 10.1001 12.1183 13.6324 11.8684 9.98111 9.9755 15.1413 15.1765 12.717 16.3377 11.1829 11.2311 9.78687 9.74687 12.4981 9.49448 18.6194 11.8139 10.6332 12.4707
threshold=0.16530054644808748 22.150000000000002 3.0500000000000003 0.11173533083645444 0.062566666666666673 0.69047619047619058 0.016194342601480182 4.1500000000000012 36.310000000000009 0.32070000000000004 6.5000000000000009 0.078950000000000006 421.50000000000006 1.0396205357142858 36.610000000000007 0.36180000000000007 402.50000000000006 0.3078107419908806 0.0008261150000000001 0.23002875718929736 2.3500000000000001 0.082860200000000023 -1.2216442315407368 2.6350000000000002 0.30600000000000005 0.22483645758956514 -0.2856500000000004 38.375000000000007 -1.256985 -0.053605792733360406 516.50000000000011 1.1716755319148937 4.2250000000000005 0.38195000000000007 0.15038444142921756 472.50000000000006 1.5000000000000002 0.6750188404231442 0.0029587350000000005 455.00000000000006 491.00000000000006 0.17225000000000004 0.37499999999999761 0.021643750000000003 0.092550000000000007 439.00000000000006 2.5000000000000004 3.5000000000000004 451.00000000000006 2.0346842880759621 0.076750000000000013 34.390000000000008 0.058121883289124682 0.39207851397273236 0.0049347000000000011 449.00000000000006 0.097050000000000011 -1.3060480874897225 2.5000000000000004 0.76648936170212778 1.2396276595744682 -0.22812899999999989
decision_type=2 2 2 2 2 2 2 2 2 2 2 2 2 2 2 2 2 2 2 2 2 2 2 2 2 2 2 2 2 2 2 2 2 2 2 2 2 2 2 2 2 2 2 2 2 2 2 2 2 2 2 2 2 2 2 2 2 2 2 2 2 2
left_child=1 3 5 4 25 20 -3 -4 47 35 -6 12 14 -14 -10 27 -17 18 -16 34 21 55 -22 -24 -23 26 -1 -13 -29 41 31 -11 33 -33 -20 38 -37 -38 39 -9 -41 -26 45 -44 54 -28 -30 48 49 50 -5 -52 57 -54 -45 56 -2 58 -49 -59 61 -61
right_child=2 6 7 8 10 -7 -8 9 11 30 -12 15 13 -15 17 16 -18 -19 19 -21 22 24 23 -25 29 -27 42 28 46 -31 -32 32 -34 -35 -36 36 37 -39 -40 40 -42 -43 43 44 -46 -47 -48 52 -50 -51 51 -53 53 -55 -56 -57 -58 59 -60 60 -62 -63
leaf_value=-0.0077095134116142942 0.016638295226028933 -0.01974540522734872 0.028281962598650966 0.002065550756876909 0.072272877245722206 0.073902586759656039 -0.01354573240944538 0.069013909819060984 0.06133292130037598 0.0072731767078027948 0.012098276375819899 -0.0077979028569411758 0 0.094304227224761977 0.071503556209331964 0.086612145315199437 -0.0019224439217728432 -0.0090605001262081993 -0.0054325818929283655 0.062041100213829539 0.036822359167787443 0.01575368629761981 0.087140262384490019 0.033506167167065865 -0.0067512046542558572 -0.013038552438697781 -0.011008021095824693 -0.0051348579496323533 0.067266645038068493 0.054133478994574422 -0.0086109797715450825 0.010472672235589106 0.073300725890170532 0.068426136692270476 0.037779580643941539 0.0030582468778433021 0.029379273248651555 0.095476106622645676 0.017647697611113417 0.0040779535456372494 0.054026403910726335 0.042960845467650464 -0.0053738404470868948 -0.0033857308497103494 0.0006256809568189022 0.009119890543029972 0.0061297029815582018 0.055667012290429876 -0.0099069374506645658 -0.019889520760519988 0.010269156940998319 0.08519748519482423 0.0053620118400064089 0.063451148283830958 0.043023790544019558 0.060277875079923167 0.06110967861581567 -0.015592893958267445 -0.018669301599149282 -0.016664545688539187 -0.0093309147372888993 0.016194140373410933
leaf_weight=159.90196637436748 5.9342900142073614 552.87163264304399 133.81162575632334 4.0718536749482137 3.636895239353179 16.598100759088993 406.65302740037441 5.1214599683880797 3.9402633830904987 39.688189893960953 2.7480286583304405 18.994500152766712 1.9120900332927693 2.9511399641633034 2.2082542553544107 1.8818009495735157 2.1861284002661705 8.1945745125412923 11.25073577463627 2.7157002016901961 78.960538111627102 7.6168454065918914 5.1210803389549238 4.8349724411964417 2.7389082759618786 55.199543513357639 13.772662200033663 3.845620222389698 2.5498088598251325 19.327046431601048 10.923697263002394 11.615320689976214 2.3735674768686286 1.8488664254546154 2.8720993772149077 3.0609147399663907 4.1395666673779488 2.9159333482384682 96.866609409451485 6.7812911570072156 3.0114686787128448 3.5029708370566368 135.30933834239841 2.3810350820422155 26.931352898478508 71.011860959231853 2.0148622095584869 3.7290697917342177 37.784709252417088 3.3068509548902503 2.3614644706249237 2.4712771400809288 2.8145010992884627 2.6694042161107063 6.0363738760352135 53.106527902185917 4.850291334092617 10.709316521883009 1.8965283408761022 5.0797245278954426 11.724930942058561 36.284621335566051
leaf_count=2474 55 9572 1524 57 33 119 6744 60 51 515 29 263 26 38 28 25 30 109 151 36 794 70 47 47 26 870 211 53 35 180 144 151 30 25 37 38 51 35 1213 85 37 33 2070 34 407 1084 28 51 532 46 33 34 39 36 86 468 44 149 26 71 167 506
internal_value=0.000157006 -0.010163 0.0321906 -0.000178695 -0.00335693 0.0480032 -0.0171236 0.0222198 0.00767966 0.0178779 0.0477054 0.0157735 0.0240586 0.0580229 0.0184132 0.00612094 0.0399456 0.0117938 0.0209229 0.0135403 0.0456182 0.0508413 0.039806 0.0622746 0.0395115 -0.00407117 -0.0028679 0.000801064 0.0203685 0.0463391 0.00969019 0.013358 0.0282071 0.0193173 0.00344979 0.0222992 0.042329 0.0585314 0.0204054 0.0377631 0.0203232 0.0210315 0.000153865 -0.00263688 0.00773368 0.00580126 0.0419705 0.00326681 -0.00360416 0.0155388 0.0291385 0.050598 0.00789073 0.0351071 0.0297163 0.0565729 0.0374773 0.0056267 0.030253 0.00334244 0.00725165 0.0120411
internal_weight=2153.63 1628.88 524.75 669.351 476.929 202.592 959.525 322.159 192.422 188.347 6.38492 67.5176 36.0449 4.86323 31.1816 31.4727 4.06793 27.2414 19.0468 16.8385 185.993 97.0769 88.9166 9.95605 33.1858 470.544 415.345 27.4048 8.41029 25.5689 66.4496 55.5259 15.8378 13.4642 14.1228 121.897 10.1164 7.0555 111.781 14.9142 9.79276 6.24188 255.443 170.658 35.3488 84.7845 4.56467 124.904 49.9962 12.2114 8.9046 4.83274 74.9081 5.48391 8.41741 63.8911 10.7846 69.4242 5.6256 63.7986 53.0893 41.3643
internal_count=32062 26271 5791 9955 7298 1883 16316 3908 2657 2384 62 910 476 64 412 434 55 361 252 224 1764 876 888 94 309 7236 6366 379 116 239 865 721 206 176 188 1519 124 86 1395 182 122 59 3892 2597 527 1295 63 1747 702 170 124 67 1045 75 120 567 99 970 77 893 744 577
is_linear=0
shrinkage=0.02


Tree=10
num_leaves=63
num_cat=0
split_feature=2 1 1 45 1 2 7 48 23 8 20 33 22 8 11 48 57 55 40 11 13 49 25 47 43 47 51 22 27 2 46 55 25 55 55 45 55 20 48 47 46 33 23 22 55 57 24 40 61 53 1 7 57 8 43 26 29 28 46 21 62 55
split_gain=1717.66 205.639 194.859 48.9901 42.741 22.123 20.9153 20.1017 18.8083 18.1967 17.7408 14.5262 13.2103 14.0113 14.4274 16.483 13.0648 15.3058 15.3784 21.0907 13.0448 13.1746 14.693 12.0614 11.7992 17.0477 17.58 12.5341 11.6463 11.0957 11.3262 10.9894 11.4288 10.9065 22.429 19.0085 11.2733 10.7411 10.7272 10.4932 11.8548 9.90789 14.571 9.87877 9.2815 10.154 21.8219 10.5923 9.06918 9.02865 8.89988 15.9486 13.3943 16.0472 12.8137 12.0756 12.1097 14.4354 13.2373 14.6605 11.9714 11.906
threshold=0.13606071825249907 0.97438160901886006 3.4258886722863404 0.048316666666666667 1.6955735229043272 0.084389688078621281 52.500000000000007 0.26932500000000009 0.32150000000000006 1.2431348343923585 0.045950000000000012 145.50000000000003 0.085550000000000015 0.84515425472851791 1.5000000000000002 0.079225000000000018 0.011900265000000002 1.134707446808511 4.6350000000000007 3.5000000000000004 5.5000000000000009 1.2059000000000002 0.21380000000000002 0.0040801002506265669 14.500000000000002 0.045795522388059708 0.032966666666666672 0.10165 0.25040000000000007 0.4446640316205534 0.056816666666666675 1.2396276595744682 0.10390000000000001 1.2023936170212768 1.1873670212765959 0.015314583333333335 1.1111702127659575 0.13965000000000002 0.072918750000000018 0.020862723780532003 0.012507142857142859 28.500000000000004 0.26095000000000007 0.05365000000000001 1.008776595744681 0.0090592700000000029 0.10615000000000001 3.4500000000000006 1.6702432045779687 0.22500000000000003 1.3479888099339705 57.250000000000007 0.0063120700000000021 -1.4142135623730943 16.500000000000004 0.030050000000000004 12.500000000000002 1175.0000000000002 0.14005000000000004 0.36010000000000003 0.066875500000000032 1.2928191489361704
decision_type=2 2 2 2 2 2 2 2 2 2 2 2 2 2 2 2 2 2 2 2 2 2 2 2 2 2 2 2 2 2 2 2 2 2 2 2 2 2 2 2 2 2 2 2 2 2 2 2 2 2 2 2 2 2 2 2 2 2 2 2 2 2
left_child=2 8 3 5 7 -1 10 9 12 20 -6 16 29 14 49 -16 39 18 -18 -20 21 22 50 -4 38 -26 27 -27 -10 31 -31 32 43 34 36 -36 44 -11 -5 40 -8 -22 -43 -2 -7 -46 47 -47 -23 -14 51 55 54 -54 -52 -3 57 -57 59 -59 -53 -58
right_child=1 4 23 24 6 33 11 -9 28 37 -12 -13 13 -15 15 -17 17 -19 19 -21 41 48 -24 -25 25 26 -28 -29 -30 30 -32 -33 -34 -35 35 -37 -38 -39 -40 -41 -42 42 -44 -45 45 46 -48 -49 -50 -51 52 60 53 -55 -56 56 61 58 -60 -61 -62 -63
leaf_value=-0.0069681309800912281 0.025749968763629422 0.073186192837760317 -0.019433606516839314 0.011787648549256105 0.090699992306921315 0.00098223365463835275 0.071474434185472779 0.062485479117645702 0.060727451988604443 -0.011943410982975012 0.017831428822061721 0.063217839388094679 0.032365673555931569 0.00085936517748975288 0.01449381444904071 0.054050863873551944 0.019745472624787742 0.0018913132916663375 0.015495403306668288 0.095221602887746767 -0.014146352342448217 0.0038981610133076773 -0.0055636053013597853 -0.013521186838225181 -0.019999310463787553 0.092987316645761486 -0.010338456402325516 0.017705379055520915 0.020570843375678098 0.08643594467979579 0.050801165269683528 0.0037171807195667578 0.024297588013569675 -0.0078689694477552825 0.080110320948891922 0.00499753528396719 -0.0095551521077546792 0.025967812166470528 0.062249554779438408 0.0060385833194777552 0.0036706012639264422 -0.0072775671353241369 0.055158947398020422 0.069207072401794995 0.0067951405740334257 0.024104423517622903 -0.001001195661721611 0.090577893430094772 0.036345764143207643 -0.0040561372316652803 0.075216198803659581 -0.0089182919544463207 -0.016559254272113962 0.02085176731809631 0.029083817124508804 -0.0038141359493530837 0.03079771815602228 0.052302563855883617 0.091148652345670517 0.023237380548180146 0.029967917535388525 0.0019159567608647953
leaf_weight=482.08082665875554 3.5613283142447525 3.1947872564196578 627.15714510530233 2.7500523328781146 2.3336047679185858 96.360919862985611 1.9941105097532261 5.7475427687168112 47.180752910673618 8.4051838889718038 3.3849521949887276 1.9698862433433522 6.3412741720676404 4.8659810572862616 5.7408859059214619 20.556677006185055 10.939941868186002 9.1697413101792318 2.5336815640330306 3.0978702455759048 5.6261828392744047 16.786435082554821 5.0412702411413184 184.27835465967655 3.6619469001889211 1.9447334110736849 2.1717593893408775 1.8850916624069212 3.5326709970831862 4.5950438231229773 35.470705904066563 3.6301962956786147 8.7938578054308874 45.466976530849934 2.6019447147846213 2.8623008951544762 28.579518228769302 4.4335828348994246 5.4948586151003838 114.15175657719374 2.2123527750372887 2.9308689534664154 2.6982896849513054 7.6599254980683327 27.318598322570324 2.0405244231224042 4.0423479154706001 2.3476998209953308 4.2988892123103133 4.4088020473718643 2.5201512649655333 6.3007312789559347 4.7307420074939719 65.6545564904809 63.967944726347923 2.3476165682077399 72.436217047274113 20.702681176364422 2.4911225736141196 11.688498891890047 5.9571953415870667 6.4609881341457358
leaf_count=7639 33 32 11000 26 27 1406 25 62 395 103 44 26 55 43 53 178 148 125 33 40 65 199 58 3086 53 27 31 26 32 39 299 34 85 667 36 41 417 53 52 1528 29 33 31 69 398 29 60 34 50 40 28 69 59 799 758 25 773 214 25 124 62 70
internal_value=0.000106142 0.0278065 -0.0113979 -0.00375234 0.0212496 -0.00460173 0.0124321 0.0253581 0.0477205 0.02465 0.0496368 0.0109056 0.0426535 0.0334377 0.0376153 0.04566 0.0101047 0.0230369 0.0344364 0.0612037 0.0256292 0.0264384 0.0276215 -0.0180973 0.0287484 0.013 0.0336194 0.0587502 0.0580581 0.0485766 0.0552698 0.0368322 0.0426173 0.000775977 0.00316462 0.0424836 0.00177055 0.00106612 0.0462869 0.00724119 0.0378565 0.00411873 0.0227866 0.0562004 0.00425139 0.0129388 0.0320305 0.0621472 0.0108649 0.0173029 0.0282586 0.0320914 0.024521 0.0182649 0.0310428 0.0343336 0.0331459 0.0428025 0.0460284 0.0420619 0.00987195 0.0284786
internal_weight=2155.59 632.547 1523.05 711.61 476.209 693.702 151.788 324.421 156.338 318.674 5.71856 146.069 105.625 41.9136 37.0476 26.2976 144.099 25.7412 16.5715 5.63155 305.835 294.58 273.495 811.435 17.9084 9.66353 6.00158 3.82983 50.7134 63.7111 40.0657 23.6453 20.0151 211.621 166.154 5.46425 160.69 12.8388 8.24491 118.358 4.20646 11.2553 5.62916 11.2213 132.11 35.7492 8.43057 4.38822 21.0853 10.7501 268.453 131.58 136.873 70.3853 66.4881 119.322 116.127 37.2299 34.8823 32.3912 12.2579 78.8972
internal_count=32100 7072 25028 10942 5717 10727 2025 3692 1355 3630 71 1954 928 369 326 231 1928 346 221 73 3474 3345 3096 14086 215 137 84 53 427 559 338 221 187 3088 2421 77 2344 156 78 1582 54 129 64 102 1927 521 123 63 249 95 3038 1394 1644 858 786 1263 1231 388 363 338 131 843
is_linear=0
shrinkage=0.02


Tree=11
num_leaves=63
num_cat=0
split_feature=2 0 0 0 0 7 60 8 23 53 6 43 57 52 40 0 55 47 55 55 24 24 13 53 24 22 40 56 47 59 56 53 62 56 60 59 49 49 55 19 0 35 8 9 26 27 26 8 21 25 0 52 8 57 55 57 8 38 35 35 10 49
split_gain=1630.09 192.759 184.81 39.1234 24.6907 19.0243 18.6818 18.2806 16.1506 14.7224 18.7394 24.6334 13.3132 18.7032 12.308 17.0924 14.8157 12.13 12.1064 12.0613 13.2325 11.8389 11.565 15.3173 12.7229 11.5531 13.162 11.6282 15.909 11.3903 11.3452 13.6906 15.5047 11.1551 15.833 17.9298 15.7073 20.911 14.252 12.9096 11.3763 20.0755 15.7179 13.1329 12.1378 16.0184 15.1112 15.2433 19.5359 23.6806 13.7598 11.1465 11.059 13.1972 12.2627 11.2841 11.0067 10.9876 10.7719 14.9758 16.016 20.2279
threshold=0.13606071825249907 30.750000000000004 2.6500000000000008 5.4500000000000011 11.950000000000001 52.500000000000007 0.020753700000000003 1.2431348343923585 0.32150000000000006 0.018019480519480522 -1.284241673973787 54.500000000000007 0.011900265000000002 -3.5062499999999961 3.4500000000000006 6.3500000000000005 1.1781914893617025 0.0040801002506265669 0.85319148936170219 1.1111702127659575 0.028850000000000004 0.24315000000000003 4.5000000000000009 0.060661764705882359 0.20660000000000003 0.085550000000000015 4.5500000000000007 0.029348970000000002 0.23409583333333336 0.15304971000000003 0.010177250000000001 0.10555555555555557 -1.2845649999999995 0.029348970000000002 0.10336860000000002 0.15304971000000003 -1.0000000180025095e-35 -0.42159999999999992 1.1638297872340428 0.30140000000000006 3.8500000000000001 0.12250000000000001 -1.2602520756252071 477.00000000000006 0.035750000000000011 0.039550000000000009 0.091750000000000012 -0.081651018964510561 0.35645000000000004 0.15355000000000002 3.3500000000000001 0.55750000000000111 -0.6401916525421264 0.0091669500000000018 0.76303191489361721 0.0053973200000000015 0.84515425472851791 4.1000000000000005 0.14040000000000002 0.13185000000000002 9.5000000000000018 0.79080000000000006
decision_type=2 2 2 2 2 2 2 2 2 2 2 2 2 2 2 2 2 2 2 2 2 2 2 2 2 2 2 2 2 2 2 2 2 2 2 2 2 2 2 2 2 2 2 2 2 2 2 2 2 2 2 2 2 2 2 2 2 2 2 2 2 2
left_child=1 4 8 7 9 6 -5 21 25 -1 11 18 13 30 -14 16 -16 -3 -11 29 -21 22 24 -24 33 27 56 28 52 -12 31 32 -7 34 35 39 37 -36 -35 40 42 -42 43 57 45 -44 -46 -48 50 -50 -49 -40 -2 54 55 -54 -27 -4 59 60 61 -10
right_child=2 17 3 5 -6 12 -8 -9 58 10 19 -13 14 -15 15 -17 -18 -19 -20 20 -22 -23 23 -25 -26 26 -28 -29 -30 -31 -32 -33 -34 38 36 -37 -38 -39 51 -41 41 -43 44 -45 46 -47 47 48 49 -51 -52 -53 53 -55 -56 -57 -58 -59 -60 -61 -62 -63
leaf_value=-0.0098380070010946324 0.068283095403792737 -0.019376688069122443 0.05407451413611334 0.071812686113888399 -0.0067420754761267042 0.024854603370125766 -0.00084426506003288694 0.00082990807395561764 0.054100963491377545 0.00010803392402167871 0.0040968237869671541 -0.015670089642943297 0.01058340126200797 0.0049872344835558986 0.075111267558238895 0.0089994639237258225 0.0075843138775533205 -0.013409843471207546 0.051042010057350727 0.035658976171722187 -0.0060334292483470347 0.053719490923699126 0.057661276660299257 0.0078474321439551738 0.0027813450542553005 0.032026883105412851 0.067695569542393502 0.025903172588755838 0.084840720366032976 0.043079912000948933 0 0.0013280099280905816 0.089992443642762959 0.026508094206108352 0.011412168105740901 -0.020146210515922577 0.0045784931487999553 0.066752367695754974 0.032190840034970719 0.075181525027155513 0.026720696138715798 0.0020707877550363747 0.020389543858863469 0.084079953380007913 0.01954925708051489 0.091310638607941516 0.013623825282660261 0.040835880611574726 0.010677551804190437 0.076453319942232881 0.07930101302985873 0.086304680725741725 -0.0050734385606280999 0.0037996187528080367 0.049877621092361435 0.047617878541816192 -0.00044480366463192303 0.00080905111456401016 0.028406728690511918 0.095473491177781297 0.097134307301122325 0.00065956339396244887
leaf_weight=43.308688998222351 8.1544403284788114 616.52671588584781 4.8140835091471654 3.89587727934122 424.85273356735706 3.275057688355445 2.04793930798769 12.965554483234881 35.632230214774609 2.5303761512041083 136.00559020042419 4.2956277728080741 14.696543090045454 108.14833199977875 5.2061178237199766 5.0577123984694481 1.9000189527869222 182.11537128314376 8.5235035791993123 2.9947727322578421 83.77373955398798 5.8970419317483893 2.6126543283462551 27.154934592545033 9.4514451473951322 34.584830723702908 3.8078995272517195 10.84618855267763 4.9941650927066794 2.9386796206235877 3.5592354089021674 2.4521968960762024 3.0661815479397765 10.52896235138178 7.5927388966083527 2.9098114371299735 25.987921535968781 4.3460108414292318 3.1608258709311476 2.314652554690837 94.851851135492325 15.692746102809904 2.6438610926270476 4.1605109646916389 44.608702071011066 2.8371744155883789 9.2764593288302404 9.9231512844562584 10.719384677708147 2.6780784502625457 7.3194880485534659 4.086060419678688 3.5353440642356864 3.6199367344379416 32.10291762650013 2.6913166493177414 4.5348797142505637 2.4268747270107269 6.4415297880768767 4.2239348739385596 3.3308492079377165 3.2043717578053466
leaf_count=674 69 11000 49 45 6797 41 26 157 284 28 1982 64 198 1442 63 68 25 3086 84 43 1230 63 31 311 106 297 32 93 36 40 48 32 37 119 86 33 295 48 35 26 1103 197 26 40 466 28 96 96 111 26 75 44 31 34 271 25 40 25 56 34 26 27
internal_value=0.000102893 -0.0112839 0.0266837 0.0204796 -0.0036891 0.0120699 0.0468819 0.0243587 0.0452088 0.000862676 0.00280249 0.0240872 0.0105992 0.00770534 0.0233557 0.0382268 0.0579996 -0.0180226 0.0398079 0.00132672 -0.00450087 0.0253078 0.0247358 0.012587 0.0259987 0.0405537 0.0319957 0.0459941 0.0498137 0.00498846 0.0309172 0.0429383 0.0581646 0.0267899 0.0256615 0.0277602 0.0135031 0.0323839 0.0424666 0.0284384 0.027861 0.0232561 0.0328094 0.0553127 0.0298383 0.059088 0.0278048 0.0368483 0.0436815 0.0247481 0.0578799 0.0642392 0.0460198 0.041393 0.0448367 0.017815 0.0281989 0.0370067 0.0546028 0.0580724 0.0539299 0.049788
internal_weight=2153.84 1507.87 645.971 484.266 709.224 153.305 5.94382 330.961 161.705 284.371 241.062 15.3495 147.361 120.501 26.8604 12.1638 7.10614 798.642 11.0539 225.713 86.7685 317.995 312.098 29.7676 282.331 108.872 42.9276 65.9443 55.0981 138.944 12.3527 8.79344 6.34124 272.879 255.104 217.177 37.9267 11.9387 17.7758 214.267 211.952 110.545 101.408 11.4015 90.0063 5.48104 84.5253 39.9166 30.6401 13.3975 17.2426 7.24689 50.104 41.9495 38.3296 6.22666 39.1197 7.24096 52.8329 46.3914 42.1675 38.8366
internal_count=32100 25028 7072 5717 10942 2025 71 3692 1355 4145 3471 176 1954 1600 354 156 88 14086 112 3295 1273 3535 3472 342 3130 928 369 559 466 2022 158 110 78 3024 2826 2397 429 134 198 2364 2338 1300 1038 114 924 54 870 404 308 137 171 79 430 361 327 56 337 74 427 371 337 311
is_linear=0
shrinkage=0.02


Tree=12
num_leaves=63
num_cat=0
split_feature=2 0 0 45 0 2 8 33 48 2 36 47 57 47 57 52 33 40 37 13 24 36 46 20 43 53 37 40 25 44 44 46 59 23 61 23 23 44 37 22 56 20 24 52 46 34 26 57 14 48 44 10 10 26 9 50 26 51 61 35 20 29
split_gain=1548.91 190.641 166.903 44.4705 35.9707 20.8531 16.8781 16.8711 16.7952 14.8501 14.6651 14.2069 13.6931 12.1981 11.8028 16.8447 17.3892 12.7951 16.8764 11.3387 11.596 15.5099 14.8673 13.1347 16.639 14.6305 12.1259 11.2958 11.2541 11.0985 14.5232 10.6244 10.4375 15.7161 10.3187 10.0905 12.0756 16.3087 11.2124 10.773 11.9907 12.9483 11.1421 10.0099 12.7822 15.617 9.99521 19.3583 9.94766 14.5015 16.0779 11.0886 11.7538 28.4089 12.6915 11.7794 11.667 11.335 10.3226 14.4855 9.71971 9.7127
threshold=0.13606071825249907 30.750000000000004 2.6500000000000008 0.048316666666666667 5.4500000000000011 0.084389688078621281 1.2431348343923585 146.50000000000003 0.26932500000000009 0.69047619047619058 0.30215000000000009 0.020862723780532003 0.0030095400000000002 0.0040801002506265669 0.013381050000000002 0.45000000000000201 68.500000000000014 3.4500000000000006 37.110000000000007 5.5000000000000009 0.086050000000000001 0.31425000000000008 0.044110000000000003 0.032950000000000007 393.50000000000006 0.15476190476190479 38.790000000000006 1.6350000000000002 0.21380000000000002 62.500000000000007 37.500000000000007 0.038577500000000008 0.095759460000000018 0.30905000000000005 1.0007153075822608 0.32150000000000006 0.33905000000000007 103.50000000000001 34.645000000000003 0.08975000000000001 0.029348970000000002 0.23855000000000001 0.18145000000000003 -3.5062499999999961 0.028065000000000003 2.5000000000000004 0.15205000000000005 0.010929450000000002 1.0000000180025095e-35 0.048281250000000005 125.50000000000001 -5.4999999999999991 -1.0000000180025095e-35 0.11065000000000001 501.00000000000006 0.68750000000000011 0.14105000000000004 0.048500000000000008 0.31148376973619701 0.10910000000000002 0.13965000000000002 13.500000000000002
decision_type=2 2 2 2 2 2 2 2 2 2 2 2 2 2 2 2 2 2 2 2 2 2 2 2 2 2 2 2 2 2 2 2 2 2 2 2 2 2 2 2 2 2 2 2 2 2 2 2 2 2 2 2 2 2 2 2 2 2 2 2 2 2
left_child=1 3 9 5 6 -1 8 11 19 35 32 12 -6 -3 34 16 17 27 -19 20 21 26 -22 -23 25 -25 -4 -16 48 30 -27 -7 -5 -34 43 39 37 -37 -38 40 -2 -42 -41 44 45 -13 47 -40 49 -24 -51 -50 53 -53 55 58 57 -56 -54 -60 -8 -44
right_child=2 13 4 10 7 31 60 -9 -10 -11 -12 14 -14 -15 15 -17 -18 18 -20 -21 22 23 28 24 -26 29 -28 -29 -30 -31 -32 -33 33 -35 -36 36 38 -39 46 42 41 -43 61 -45 -46 -47 -48 -49 51 50 -52 52 54 -55 56 -57 -58 -59 59 -61 -62 -63
leaf_value=-0.0067787543936451682 0.045440730927647083 -0.019319781816981758 0.033073151479811075 0.0093001876542447692 0.079038030100837806 0.001774741612221399 -0.011831098854801414 0.066145819662980609 0.057304198309097221 0.060807338639311093 -0.0035401318509145725 0.014530189112037609 0.015059422754809842 -0.013298398558581104 0.055897334588470383 0.0015500613740981181 -0.0013497827831977557 0.10250979235484124 0.024169289440566687 0.0037174859674835871 0.0061586585505599345 -0.0040660975751388197 0.053716793361269319 0.010197353623677519 0.0058421315562001532 0.043417793519078172 0.066975932891795029 -0.0093789066154531305 -0.0055548387626966683 0.042319640625737308 -0.0083072455157760638 -0.019033425289273962 0.06516060342482051 0.0089106459073012793 -0.015515669634620555 0.088891601413621596 0.031498155076777626 0.038562640706365746 0.027636371449315474 0.021174809344633446 0.0069575934844764223 0.054727290049232831 0.072721519398060291 0.0067100110261544815 -0.0043491892282921411 0.071057900998027876 0.033941456332073849 0.090451188734435153 0.0076039743131016838 0.023340779130526308 0.00043129106853225478 0.0099816889955343952 0.020480239601050103 0.068137908105171938 0.026441354749232461 0.0051257641455145333 0.019611950752390188 0.07045002525872035 0.07309388326641543 0.009263255209206964 0.023771696472676213 0.021198116813239101
leaf_weight=476.48487559333444 56.529684744775295 606.08127664402127 63.685508616268635 4.2266591042280224 2.2226712033152571 201.68068761005998 8.3292046263813955 2.1224047839641562 6.1119268164038649 17.834433451294899 4.6050904095172873 4.7870359197258932 3.6286563500761986 179.9914342276752 1.9119085967540761 8.4209691658616048 3.0802309587597838 3.0617732107639313 2.0274975001811981 11.414603523910044 24.598354890942574 6.7697353288531295 4.0538280159234992 11.595352031290529 14.784198716282843 3.8031750991940481 4.7730635851621619 1.9754334390163419 5.0266136154532424 29.216768756508827 4.5642099156975746 10.155481271445749 6.6908126696944219 3.0607593804597855 7.2582854554057112 6.4274618178606016 19.822969764471054 5.3486569970846176 3.383523114025591 27.363549843430519 7.8345266208052617 3.191495843231678 3.6032168492674819 107.14929607510567 3.6425005570054045 3.5047139003872871 6.4925650879740706 5.9912259951233864 9.2240830510854703 32.241106994450092 20.1537064909935 5.4250665679574004 18.987556554377083 9.5690124332904798 4.3707293942570704 13.724282987415789 7.0011475160717955 6.7309745103120804 4.0406191498041144 2.4025285691022873 4.6451031640171996 3.0150576904416084
leaf_count=7639 471 11000 681 42 25 2938 103 26 61 114 65 59 44 3086 25 111 40 36 26 129 285 74 42 133 164 40 50 27 57 317 49 150 72 36 98 50 157 45 28 238 68 27 30 1418 48 42 54 47 102 349 226 58 203 101 48 152 75 68 43 28 54 26
internal_value=0.000100607 -0.0111702 0.025641 -0.00362732 0.0197576 -0.00445762 0.0234315 0.0117193 0.0243264 0.0429409 0.0267561 0.0108789 0.0412302 -0.0179476 0.00960801 0.0237113 0.0387346 0.052614 0.0734581 0.0236568 0.0243868 0.0287359 0.0207334 0.0219678 0.024773 0.030368 0.0356219 0.0228668 0.0232113 0.0364462 0.0152014 0.000750279 0.0368811 0.0482107 0.00727298 0.0407233 0.0487107 0.0670565 0.0423184 0.0368936 0.0416507 0.021602 0.0272071 0.00870491 0.0260619 0.0396165 0.0552273 0.0688874 0.0242863 0.0176083 0.0146121 0.0288354 0.0314831 0.0476016 0.0270966 0.0204048 0.0411194 0.053974 0.0284548 0.0504999 0.000812952 0.0506825
internal_weight=2151.85 1492.98 658.874 706.904 492.036 688.321 337.242 154.793 324.268 166.838 18.5833 152.671 5.85133 786.073 146.82 20.4778 12.0568 8.97661 5.08927 318.156 306.742 139.192 167.55 70.7334 63.9637 49.1795 68.4586 3.88734 142.951 37.5842 8.36739 211.836 13.9782 9.75157 126.342 149.004 47.4664 11.7761 35.6903 101.538 67.5557 11.026 33.9818 119.084 11.9343 8.29175 15.8673 9.37475 137.925 56.4486 52.3948 81.476 72.2519 14.9941 57.2578 39.155 18.1029 11.1017 25.4307 6.44315 12.9743 6.61827
internal_count=32100 25028 7072 10942 5717 10727 3692 2025 3535 1355 215 1999 69 14086 1930 265 154 114 62 3474 3345 1508 1837 777 703 539 731 52 1552 406 89 3088 150 108 1665 1241 381 95 286 860 566 95 294 1567 149 101 129 75 1495 617 575 878 776 159 617 426 191 116 274 71 157 56
is_linear=0
shrinkage=0.02


Tree=13
num_leaves=63
num_cat=0
split_feature=2 0 0 51 0 2 7 60 8 48 33 2 2 55 57 52 46 50 8 0 6 55 13 24 46 25 55 13 51 8 8 12 46 27 55 44 50 25 37 23 44 20 20 62 6 23 12 46 23 37 44 23 51 48 29 45 59 50 27 27 40 33
split_gain=1472.91 188.517 151.46 42.2241 33.0942 25.8558 16.8398 16.0994 15.6091 14.88 13.3836 13.2367 12.3356 10.746 10.6159 14.0859 14.4626 12.723 19.4903 24.1986 11.631 10.4532 10.4483 10.4466 13.7395 10.4862 9.85133 9.77435 11.7959 15.1677 13.6409 10.3995 10.3828 14.1951 9.91114 9.42782 12.9232 13.1683 10.8218 12.2723 10.3508 17.8406 18.5169 13.465 12.0756 13.7424 10.8529 10.4554 15.1936 13.0984 12.6092 11.0332 11.9165 10.0706 12.1928 9.79882 9.65466 12.3753 9.42704 11.3008 9.32734 9.31706
threshold=0.13606071825249907 30.750000000000004 2.6500000000000008 0.048500000000000008 5.4500000000000011 0.084389688078621281 52.500000000000007 0.020753700000000003 1.2431348343923585 0.26932500000000009 146.50000000000003 0.69047619047619058 0.013063362856021436 0.85319148936170219 0.011900265000000002 -3.5062499999999961 0.028065000000000003 1.0443750000000003 0.62514168645155122 5.9500000000000011 -1.1379456356352944 1.1111702127659575 5.5000000000000009 0.086050000000000001 0.044110000000000003 0.21380000000000002 0.73091755319148943 2.5000000000000004 0.031866666666666675 0.58528757149280863 -0.07170365163286109 -0.36649999999999999 0.026179166666666667 0.10495 1.1590425531914896 18.500000000000004 0.88750000000000007 0.073450000000000015 38.755000000000003 0.22125000000000003 62.500000000000007 0.056950000000000008 0.044850000000000008 -0.71994100000000028 -1.3799685194920939 0.21595000000000003 -1.0999999999999999 0.024239285714285717 0.30715000000000003 35.990000000000002 190.50000000000003 0.27685000000000004 0.08332500000000001 0.11513750000000002 15.500000000000002 0.049716666666666673 0.052855270000000003 0.81875000000000009 0.036650000000000009 0.038550000000000008 4.9000000000000012 28.500000000000004
decision_type=2 2 2 2 2 2 2 2 2 2 2 2 2 2 2 2 2 2 2 2 2 2 2 2 2 2 2 2 2 2 2 2 2 2 2 2 2 2 2 2 2 2 2 2 2 2 2 2 2 2 2 2 2 2 2 2 2 2 2 2 2 2
left_child=1 3 11 5 8 -1 7 -6 9 22 14 -2 -3 -5 15 16 20 18 26 -20 -8 58 23 27 -25 -26 -16 28 29 -4 31 -30 -32 34 -34 36 37 -29 40 -40 41 42 -37 44 -42 -46 -45 56 50 55 51 52 53 54 -49 -50 -48 -58 -7 -60 -22 -24
right_child=2 12 4 13 6 21 10 -9 -10 -11 -12 -13 -14 -15 17 -17 -18 -19 19 -21 60 -23 61 24 25 -27 -28 35 30 -31 32 -33 33 -35 -36 38 -38 -39 39 -41 43 -43 -44 46 45 -47 47 48 49 -51 -52 -53 -54 -55 -56 -57 57 -59 59 -61 -62 -63
leaf_value=-0.0069111178161025731 0.038800994169804218 -0.020042565856195838 -0.015022642442721014 -0.0017398955965655725 0.06520882716521724 -0.011626807287779539 0.0015244018907993664 -0.0010915298788621343 0.00079195783627606319 0.053809670514720777 0.059020705109556586 0.057462588345974189 -0.014845439021807159 0.039491367769050108 0.052062615337031826 0.0042406028640812323 -0.0051336644312127578 -0.014437062053169311 0.10452552909268066 0.022573255909067204 0.0803071579855823 -0.004229722135031139 -0.01417247656704693 0.0060062023506783158 0.023368452723804705 -0.0054707617203501426 0.0081191331299571203 0.012236025781354638 0.10140763187630153 0.04822465276502013 0.058406090563552129 0.039808706175791325 0.0025810583610632776 0.0574473570266959 0.045660388087258162 0.0051223263288715749 0.081692248083925847 0.066452011484201462 0.0077713064182351344 0.063744613116621843 -0.005514130941805211 -0.0060193185904685196 0.058029551187865874 -0.0011494684628667131 -0.011376051805757579 0.045757121650908873 0.049829835755441192 0.088101117596304929 0.012393267437305209 0.10105065157150282 0.057376515794847593 -0.0096956669686048564 0.0019798213172645481 0.0061810114802045412 0.0313668143712756 0.063497271854680973 -0.0073442981619480921 0.039527073304157341 0.051766576100478641 0.0056243271047514446 0.028444918716397295 0.021354916228491293
leaf_weight=471.59754247590899 153.26659429073334 449.58458734676242 3.5001662224531165 3.0695959776639929 4.1911175400018683 12.452894210815428 2.4090314581990233 2.0713888481259346 12.983441330492495 6.3855144158005706 2.071790672838687 18.496806338429451 324.1395171880722 11.088166832923887 2.2843173146247961 108.0942053347826 3.8263081461191168 3.426717333495616 2.3774162381887427 3.9086170792579651 2.9774397984147063 81.968281321227551 5.6412274241447431 24.720835946500301 140.5100277364254 5.0043193623423567 15.187167651951311 6.1994767934083921 2.593462772667408 2.4101934209465981 5.7875485122203854 2.742244869470599 8.6546748876571638 4.0954514741897574 2.7735511511564246 6.4107732623815554 2.5364892557263365 2.5473804920911789 2.5163509249687186 4.9503357261419296 9.7183591052889842 13.664524205029009 4.5725172236561775 3.9552849009633055 2.2861503139138213 5.1445086002349854 2.6288214027881613 2.566673465073114 2.7387568950653058 2.4412435665726662 5.1026367470622054 3.5138829350471488 4.7614326030015937 2.6749040186405182 4.6995541602373123 4.0276569351553917 7.0332560092210752 3.0990267917513847 2.0323779061436644 122.42592081427574 3.4158370345830917 5.8072865903377533
leaf_count=7615 1241 8342 39 35 45 179 29 26 157 61 24 114 5744 110 28 1428 51 46 27 51 35 1204 65 285 1495 57 195 64 26 27 60 28 91 40 26 69 25 25 27 50 105 145 47 45 26 57 29 27 30 25 51 38 49 30 51 39 81 36 29 1770 40 64
internal_value=9.8075e-05 -0.0110568 0.0246614 -0.00356645 0.0190705 -0.00427407 0.0113836 0.0432989 0.0225527 0.0233979 0.00998906 0.0408765 -0.0178725 0.0304177 0.00922289 0.00662758 0.0265345 0.0205391 0.0257683 0.055748 0.0404909 0.00139485 0.0227648 0.0234538 0.0200028 0.0223514 0.0144291 0.0275344 0.0374188 0.0108293 0.0431109 0.0722504 0.0352214 0.0259101 0.0137513 0.0245289 0.0421927 0.0292169 0.0224141 0.0457994 0.0203911 0.00905313 0.027903 0.0245253 0.00890989 0.0279062 0.029859 0.0326281 0.0387252 0.060797 0.0295493 0.0211863 0.0287924 0.0411171 0.0531884 0.0439637 0.0165855 0.00706736 0.00478509 0.0064633 0.0543437 0.00363334
internal_weight=2149.76 1478.36 671.405 704.635 499.641 690.477 156.241 6.26251 343.4 330.417 149.979 171.763 773.724 14.1578 147.907 120.723 12.6286 27.1842 23.7575 6.28603 8.80231 218.879 324.031 312.582 170.235 145.514 17.4715 142.347 32.5573 5.91036 26.6469 5.33571 21.3112 15.5237 11.4282 109.79 11.2833 8.74686 98.5066 7.46669 91.04 24.6478 10.9833 66.3921 17.149 7.43066 49.2431 45.2878 32.5267 9.20766 23.3191 18.2164 14.7026 9.94113 7.26623 6.76641 12.7611 10.1323 136.911 124.458 6.39328 11.4485
internal_count=32100 25028 7072 10942 5717 10797 2025 71 3692 3535 1954 1355 14086 145 1930 1583 155 347 301 78 104 3182 3474 3345 1837 1552 223 1508 337 66 271 54 217 157 117 1171 114 89 1057 77 980 261 116 719 188 83 531 486 340 94 246 195 157 108 78 69 146 117 1978 1799 75 129
is_linear=0
shrinkage=0.02


Tree=14
num_leaves=63
num_cat=0
split_feature=2 2 2 51 2 2 7 8 60 48 23 33 46 25 9 47 49 25 13 57 52 46 34 55 40 62 47 48 43 33 60 9 10 43 2 48 56 56 37 52 23 28 52 21 46 35 35 23 47 54 51 56 44 7 55 21 21 26 60 55 43 38
split_gain=1401.71 148.69 137.526 80.9876 30.5419 23.859 15.3697 14.4652 14.2994 13.2449 12.3483 12.1336 11.36 14.3841 11.162 10.5706 10.0226 11.3377 10.9893 9.92314 13.1589 13.2859 16.1073 11.9867 10.8825 10.5546 9.61418 9.15445 8.96769 8.77372 11.9673 16.2268 15.8045 8.7582 9.45953 9.94482 9.04528 9.1975 29.8475 14.2706 8.75488 10.8278 12.596 8.69724 8.96519 8.68688 11.5749 13.007 8.58217 8.46983 8.05933 8.41926 7.83862 9.89565 7.68825 14.5489 13.3605 17.1059 13.3557 11.0177 14.3841 10.8741
threshold=0.13606071825249907 0.032520411184906305 0.37749287749287752 0.032966666666666672 0.18350168350168353 0.10929288103201149 52.500000000000007 1.2431348343923585 0.020753700000000003 0.26932500000000009 0.32150000000000006 146.50000000000003 0.024770833333333336 0.077850000000000016 449.00000000000006 0.0047415865113233542 1.2059000000000002 0.21380000000000002 5.5000000000000009 0.011900265000000002 -3.5062499999999961 0.028065000000000003 2.5000000000000004 1.134707446808511 4.6350000000000007 -0.49279900000000015 0.062710102960102973 0.10313187500000003 60.500000000000007 61.500000000000007 0.10336860000000002 471.00000000000006 13.500000000000002 339.50000000000006 0.12579113924050636 0.12050625000000002 0.010892115000000003 0.0057832300000000012 35.355000000000011 -0.11124999999999828 0.18760000000000002 1750.0000000000002 -1.1606249999999994 0.35195000000000004 0.085850000000000024 0.14040000000000002 0.13185000000000002 0.34125000000000005 0.020862723780532003 1.9453125000000002 0.031866666666666675 0.0079301500000000021 140.50000000000003 55.250000000000007 1.1444148936170215 0.38265000000000005 0.43015000000000009 0.16700000000000001 0.095490000000000005 1.2982712765957449 34.500000000000007 6.9000000000000012
decision_type=2 2 2 2 2 2 2 2 2 2 2 2 2 2 2 2 2 2 2 2 2 2 2 2 2 2 2 2 2 2 2 2 2 2 2 2 2 2 2 2 2 2 2 2 2 2 2 2 2 2 2 2 2 2 2 2 2 2 2 2 2 2
left_child=1 3 4 15 6 -3 8 9 -2 16 -4 19 13 14 -7 -1 17 18 54 20 21 22 -8 24 52 -26 -14 -5 -15 -18 31 -31 -33 36 35 -35 37 39 -39 -30 41 42 -16 -9 -45 46 47 -12 -22 -20 51 -42 53 -21 55 -6 59 -58 -59 61 -61 -56
right_child=2 5 10 27 7 12 11 43 -10 -11 45 -13 26 28 40 -17 29 -19 49 23 48 -23 -24 -25 25 -27 -28 -29 33 30 -32 32 -34 34 -36 -37 -38 38 -40 -41 50 -43 -44 44 -46 -47 -48 -49 -50 -51 -52 -53 -54 -55 56 -57 57 58 -60 60 -62 -63
leaf_value=-0.018503576462173474 0.060853434633182532 -0.0055021271336165361 0.035024886717841833 0.019395076132085482 0.024237226832249683 -0.016817775567107129 0.012968804176595237 -0.011566072361040328 -0.0010720814459008515 0.050690080754680407 0.064772286302673135 0.055390518890882402 -0.0072584778293652988 -0.012333970642618342 0.082019416110640495 -0.01222372263380894 -0.0072116368046240753 -0.0059102755721751003 -0.0081970997973279166 0.0068230508071612361 0.032964892773147653 -0.0050558968933246797 0.067411541117343876 0.0011575038224799165 0.0153126183212974 0.070150158077111002 0.037445896521293751 0.058426658109015685 -0.0031610644477722215 -0.0044087715175647807 -0.0082140151208367519 0.069577988109687169 0.0064006919597276793 0.00093183665692384541 -0.019695727388654483 0.055599805764823013 0 0.017998246906056819 0.1089602270850038 0.058990392740092351 0.0030646455576621968 -0.0016038441875752746 0.013948431260190528 0.047974504242319478 -0.0043483653002075609 0.024165899018404637 0.080556495109669821 0.039388841148082013 0.0030055052225263276 0.031488686681680027 -0.020468885859349507 0.038755084919922883 -0.0083175654151639196 0.051185632661262213 0.026622567453343144 0.0095297166305851506 0.094873623730454257 0.0068329081987911792 0.059408338392561232 0.046047122446094553 0.0091522618263691364 0.048852830527162737
leaf_weight=672.69958312064409 4.4096691459417334 530.05860169231892 118.33172734081745 13.198364451527597 157.02453804016113 9.2699614986777288 4.9928120970725995 8.1391629427671415 2.0695261061191559 6.6493666991591445 12.009700179100035 2.1721873655915251 33.571885481476784 2.6421543210744884 1.9696771800518034 132.82982076704502 8.2574601471424121 5.1480363309383383 7.4597014635801298 4.7333215326070839 3.8523225113749495 3.8099330961704245 4.0897983983159065 9.4381162971258146 2.5326077938079834 3.9607835635542861 1.8767714127898205 3.0530781745910636 3.4120996817946434 3.5468993559479696 4.5974685773253432 4.4143083691596985 2.6458737850189209 3.3890541195869428 2.8871204107999802 2.1788061410188675 2.6162690371274939 3.383424237370491 2.6057789772748947 2.3310179412364977 26.48035524785519 3.1479011401534081 2.6579941958189002 2.4200812801718703 2.43255615234375 6.9725084751844397 4.8151191100478163 34.466685861349106 104.62461198121309 2.8292927742004395 4.9078372269868842 2.8308920040726653 3.27585345506668 3.6823874041438103 48.281406588852406 33.666698522865772 2.5740226954221708 3.9737251549959183 3.9956830888986588 5.0905009433627155 24.54699769616127 11.622894458472727
leaf_count=12462 45 8520 928 145 1646 127 59 102 26 61 88 24 472 36 25 2327 93 59 86 60 46 51 45 125 30 43 24 31 46 39 53 46 29 46 39 29 35 47 35 32 363 44 36 28 27 56 34 249 1382 31 68 39 43 46 499 357 25 43 39 50 259 120
internal_value=9.55808e-05 -0.0109438 0.0237406 -0.0165788 0.0184252 -0.00372644 0.0110624 0.0217332 0.0410445 0.0225331 0.0389544 0.00971806 0.00463478 0.00896955 0.00277973 -0.0174742 0.0219333 0.0229062 0.0234116 0.00897704 0.00646253 0.0254925 0.0385056 0.0198226 0.0292576 0.0500422 -0.00465959 0.0273779 0.0212334 0.00904391 0.0180517 0.0296709 0.0469435 0.0253086 0.00847889 0.0237465 0.0348283 0.0422444 0.0597579 0.0224153 0.00722135 0.0262104 0.0452149 0.000775801 0.0218022 0.0467733 0.0497088 0.0461997 0.00414112 0.00272407 0.00272364 0.00679324 0.0169731 0.027141 0.0241315 0.0216659 0.0287599 0.0503957 0.0341731 0.0260988 0.01579 0.031097
internal_weight=2147.55 1464 683.556 821.781 506.961 642.218 157.644 349.317 6.4792 336.325 176.596 151.165 112.159 76.7103 51.2646 805.529 329.676 306.213 301.065 148.993 121.369 12.8925 9.08261 27.6231 18.185 6.49339 35.4487 16.2514 25.4457 23.462 15.2046 10.6071 7.06018 22.8036 8.45498 5.56786 14.3486 11.7323 5.9892 5.74312 41.9947 7.77557 4.62767 12.9918 4.85264 58.264 51.2915 46.4764 108.477 10.289 34.2191 29.3112 11.6916 8.41571 290.776 190.691 100.085 10.5434 7.96941 89.5418 29.6375 59.9043
internal_count=32100 25028 7072 14965 5717 10063 2025 3692 71 3535 1355 1954 1543 1047 702 14789 3474 3214 3155 1930 1583 155 104 347 222 73 496 176 345 260 167 114 75 309 114 75 195 160 82 78 575 105 61 157 55 427 371 337 1428 117 470 402 149 106 3038 2003 1035 107 82 928 309 619
is_linear=0
shrinkage=0.02


Tree=15
num_leaves=63
num_cat=0
split_feature=2 0 0 51 2 1 2 36 60 8 45 22 62 62 39 2 59 23 43 46 23 23 22 45 47 22 45 46 2 45 44 52 9 47 22 33 37 2 45 59 47 59 62 44 60 8 43 61 23 61 8 23 51 60 51 2 28 8 44 34 51 2
split_gain=1314.74 189.251 177.641 37.2817 24.1759 23.3976 21.4172 13.8462 12.3323 11.6674 12.2882 11.3806 10.9912 9.98058 12.8359 9.53267 12.8746 18.2969 12.6186 11.879 9.6601 14.6451 9.48281 9.37457 15.531 11.0028 12.5055 10.1268 10.4971 9.19132 9.09807 9.06404 12.5856 11.1352 9.71212 9.02085 10.5854 11.2586 10.0879 8.89829 8.85976 8.85952 8.74274 9.61622 13.4094 22.2175 11.6289 11.3983 11.5025 23.0622 15.2266 11.1927 10.3274 12.3099 10.17 14.0784 13.8486 13.4565 9.90928 9.90241 9.63486 9.17497
threshold=0.11976477337923121 3.6500000000000008 34.250000000000007 0.048500000000000008 0.05221967713787086 1.8000241202036604 0.48809523809523814 0.35855000000000004 0.17370740000000004 1.2431348343923585 0.14665000000000003 0.051650000000000008 0.18720000000000073 -0.59059200000000012 2.5000000000000004 0.60661764705882371 0.11856773000000001 0.28755000000000003 258.50000000000006 0.12885000000000002 0.28010000000000007 0.30440000000000006 0.065650000000000014 0.016653571428571431 0.023563301282051287 0.03525000000000001 0.030273214285714289 0.031258333333333339 0.16807909604519775 0.0079522727272727297 170.50000000000003 0.3750000000000005 479.00000000000006 0.040117755991285406 0.075050000000000019 21.500000000000004 34.155000000000008 0.25320512820512825 0.045387500000000004 0.18312074 0.045795522388059708 0.052168165000000009 -1.256985 213.50000000000003 0.030727800000000003 0.49999999999999917 18.500000000000004 0.27743814756093071 0.34490000000000004 0.96776239907727812 0.57763538050316476 0.33175000000000004 0.093050000000000008 0.036782600000000006 0.078450000000000006 0.33908045977011497 1650.0000000000002 0.28867513459481414 162.50000000000003 4.5000000000000009 0.045716666666666669 0.40833333333333338
decision_type=2 2 2 2 2 2 2 2 2 2 2 2 2 2 2 2 2 2 2 2 2 2 2 2 2 2 2 2 2 2 2 2 2 2 2 2 2 2 2 2 2 2 2 2 2 2 2 2 2 2 2 2 2 2 2 2 2 2 2 2 2 2
left_child=2 6 3 4 -1 7 42 8 9 10 12 -8 23 -10 -15 16 19 -18 -19 20 -13 -22 -17 24 -3 26 -25 28 -27 30 -7 33 -33 34 -9 -14 37 38 -37 -24 41 -29 61 44 45 46 -44 52 51 50 -50 54 53 -46 60 -56 -57 -58 -47 -55 -49 -2
right_child=1 5 -4 -5 -6 29 11 31 13 -11 -12 15 35 14 -16 22 17 18 -20 -21 21 -23 39 25 -26 27 -28 40 -30 -31 -32 32 -34 -35 -36 36 -38 -39 -40 -41 -42 -43 43 -45 47 58 -48 48 49 -51 -52 -53 -54 59 55 56 57 -59 -60 -61 -62 -63
leaf_value=-0.0090981425304200014 0.034955009243926048 0.053006390354079641 -0.018373855862903563 0.029517593596241745 -0.0013806226587238098 0.014505278890412723 0.06432014831466 0.001929606590704283 0.010583099050767153 -0.0043193437003572008 -0.020300368609016909 0.052280331858750195 -0.0127833645020307 0.019158831573681066 0.085166743868094572 0.015286450373231798 0.0013669611413629954 0.05255196606358304 0.013105465920844042 0.077307430629989626 -0.010521301424703896 0.038289723106632027 0.054981283910882875 0.072182889948684437 0.0011024953816550851 0.067787832155896482 0.021539388707152645 0.019348318498228149 0.025801007138213976 0.0055807184239972368 0.063437402897124365 0.0019011349516463933 0.052382423084338402 -0.0060874625156008347 0.05711189816654063 0.025996830312090661 -0.01237292922835133 0.059184136897338119 -0.011400040411394228 0.024163827840526161 0.018998230741370734 -0.017554272171340625 0.060851233852709526 0.013475583970415345 0.053450672045095127 0.0057813207889108667 0.028250713881124035 0.031068884265403895 0.065503126454426588 -0.0074709127283925925 0.0053174404940751277 0.081056052305865392 0.037374502417517691 0.019491253196686965 0.011063590292882976 0.060206596343902116 0.048630142780914723 0.0057342412836891453 0.040639257739334064 -0.015441648184594172 0.071333960959305442 0.080319807106588481
leaf_weight=286.07491462677717 7.4677952006459218 2.5024234205484417 711.39108163118362 12.807368397712706 377.88683496043086 7.00585128366947 8.4414122551679593 3.1956080645322826 2.9015132859349251 9.3201422393321973 3.0754431858658782 8.7855312600731903 6.8886331915855434 2.2749294862151128 3.0079261511564255 3.8589893206953993 10.35495611280203 8.2335245832800847 5.8911036700010291 3.6111390367150298 3.4104402810335142 7.5443581864237785 27.749835297465324 3.6579896584153158 18.756506115198135 2.5265464782714835 4.8729275614023209 4.6546954438090307 50.994542837142944 153.95403210073709 1.9565729722380636 4.8816276714205724 3.3395984619855881 24.030417077243328 2.1282563284039497 8.1707419902086276 4.5860721096396437 2.5428510606288901 4.1787320077419272 5.1631037145853034 95.714468725025654 5.517114982008934 5.0764696970581999 16.337445594370365 3.7715623676776877 27.651883371174339 46.16950449347496 4.3143761008977881 5.0295835360884649 5.4807417020201683 2.7000855654478073 3.502415567636489 25.654639273881912 24.768865212798122 7.606300555169585 10.635947205126287 5.9519454017281515 6.048892006278038 3.6253666654229155 3.5211985185742369 8.1112756505608541 2.730361670255661
leaf_count=4843 70 26 13402 121 5838 91 60 38 32 120 34 66 78 26 30 25 84 62 48 27 27 54 169 38 214 31 53 50 561 2051 23 60 38 288 26 96 53 25 49 33 1049 63 42 151 33 253 407 42 42 52 25 31 228 223 78 90 48 50 33 35 72 20
internal_value=0.000159568 0.0213832 -0.0113954 -0.00405303 -0.00471162 0.0128084 0.0330919 0.0163876 0.0181864 0.0172752 0.0182117 0.0413052 0.0187888 0.0424392 0.0586081 0.0388636 0.0325373 0.021929 0.0366204 0.0433195 0.036415 0.0228869 0.0468458 0.0204822 0.00768089 0.0220766 0.0444725 0.0208186 0.0280229 0.00676684 0.0263852 0.0049763 0.023337 -0.000156795 0.0254978 0.00647745 0.0134876 0.0216947 0.0131178 0.0503692 0.0171143 -0.000340958 0.0296745 0.0287444 0.0299679 0.0235839 0.0317067 0.0344055 0.0407332 0.0233801 0.0453616 0.0455417 0.0277546 0.0198258 0.0422828 0.0354187 0.043344 0.0275935 0.0100919 0.0149792 0.0581292 0.0483787
internal_weight=2144 755.837 1388.16 676.769 663.962 436.636 319.201 273.72 236.144 227.96 218.64 93.0444 215.564 8.18437 5.28286 84.603 47.8311 24.4796 14.1246 23.3515 19.7403 10.9548 36.7719 189.197 21.2589 167.938 8.53092 159.407 53.5211 162.916 8.96242 37.5755 8.22123 29.3543 5.32386 26.367 19.4784 14.8923 12.3495 32.9129 105.886 10.1718 226.157 215.958 199.621 82.5232 51.246 117.098 59.3816 13.2104 7.72967 46.1712 57.7163 32.0616 42.6687 30.2431 22.6368 12.0008 31.2773 28.2901 12.4257 10.1982
internal_count=32127 7923 24204 10802 10681 5243 2680 3078 2628 2540 2420 655 2386 88 56 595 368 194 110 174 147 81 227 2085 240 1845 91 1754 592 2165 114 450 98 352 64 301 223 170 145 202 1162 113 2025 1935 1784 735 449 1049 530 119 67 411 519 291 380 266 188 98 286 258 114 90
is_linear=0
shrinkage=0.02


Tree=16
num_leaves=63
num_cat=0
split_feature=1 47 0 53 0 0 45 26 8 60 0 60 62 50 8 36 27 9 60 20 55 45 25 53 8 13 47 25 45 40 55 59 45 25 58 8 43 23 55 24 8 24 0 53 61 9 40 60 60 62 34 61 26 24 24 33 60 45 43 46 46 53
split_gain=1208.86 178.655 142.926 56.7656 41.7867 36.4472 17.3566 23.5759 16.0452 17.2945 15.5315 14.9201 13.1037 18.9263 11.6096 17.2555 17.1298 16.7129 15.4463 12.8868 12.034 11.3264 17.6193 18.8352 13.681 10.6714 10.496 10.4659 13.9448 11.3224 13.0875 10.5216 10.3721 11.1932 10.9173 12.7022 10.3047 10.1447 10.0099 9.92973 23.3011 9.91759 19.874 9.91334 9.41037 13.0952 12.3709 9.39867 23.9122 8.73618 8.56808 17.929 11.4572 10.102 8.50195 14.4093 14.9083 10.8462 9.44804 8.46538 9.81918 8.44526
threshold=2.2027494954295124 0.090035028541774795 34.250000000000007 0.021527777777777781 5.3500000000000005 3.0500000000000003 0.015314583333333335 0.030550000000000004 1.400883954558106 0.10597920000000001 19.550000000000004 0.17370740000000004 -0.73179549999999882 0.68750000000000011 -1.0000000180025095e-35 0.28060000000000007 0.085550000000000015 487.00000000000006 0.057464400000000006 0.086350000000000024 0.71835106382978731 0.044116666666666672 0.054400000000000011 0.22500000000000003 -0.58246656101609706 4.5000000000000009 0.064472473604826566 0.074250000000000024 0.068816666666666679 2.3650000000000007 0.81210106382978731 0.08442640500000001 0.0093211111111111116 0.031950000000000006 0.49375000000000008 -1.1075872069292878 3.5000000000000004 0.25895000000000007 1.2414893617021279 0.083500000000000005 -0.62022296741205263 0.077850000000000016 3.4500000000000006 0.080128205128205135 0.31685946872322196 503.00000000000006 2.4500000000000006 0.047275500000000005 0.041090000000000008 -0.81244850000000046 2.5000000000000004 0.37417135709818644 0.07690000000000001 0.092550000000000007 0.02945 48.500000000000007 0.020331000000000002 0.0030894444444444446 144.50000000000003 0.056816666666666675 0.060125000000000005 0.01070283882783883
decision_type=2 2 2 2 2 2 2 2 2 2 2 2 2 2 2 2 2 2 2 2 2 2 2 2 2 2 2 2 2 2 2 2 2 2 2 2 2 2 2 2 2 2 2 2 2 2 2 2 2 2 2 2 2 2 2 2 2 2 2 2 2 2
left_child=1 3 10 -1 6 59 -5 -8 9 14 49 41 -13 -14 16 17 18 19 21 -16 -18 22 23 37 26 -11 -23 29 31 -17 -31 43 33 -6 -35 -36 -12 -9 50 40 -22 42 -7 -29 45 46 -30 48 -33 -2 53 52 -52 -32 55 56 58 -56 -51 -3 -61 -38
right_child=2 5 -4 4 32 11 7 8 -10 25 36 12 13 -15 15 27 20 -19 -20 -21 39 24 -24 -25 -26 -27 -28 28 44 30 38 47 -34 34 35 -37 61 -39 -40 -41 -42 -43 -44 -45 -46 -47 -48 -49 -50 54 51 -53 -54 -55 57 -57 -58 -59 -60 60 -62 -63
leaf_value=-0.010049830423789803 -0.0090124664338301717 0.047411886214696053 -0.01830574789696068 0.0010373105404588782 0.060058276781966839 0.062990039210785054 0.060225318843855256 0.089066375893473243 -0.016478245205601698 -0.0038965642012343355 0.041453129423354239 0.00045147710148392802 0.0207703281594348 0.083318665366986122 0.053244822004037178 0.0017579148129815661 0.052274476994501717 0.078138889574183232 0.078782153773131372 -0.006894130526690633 -0.0038938161862133308 0.052972097673457424 0.014061667638730716 0.0083088205240354259 0.080509465916475953 0.036618521016385824 0.0052024692804796954 0.047263708697546369 0.064216759142264948 -0.0061390964286812191 0.0033410843221018324 0.009173047940434647 0.0066342810382930576 -0.0090952259052242811 0.063070445700916564 0.014379436195546434 0.0017845180408935554 0.036935398494787428 5.7657253016222727e-05 0.00030020950609991085 0.060340831687309651 0.013775025209782688 0.0055637833017686943 0.01749369390720594 0.073868791802969735 -0.006359880992887903 0.012071710186559595 -0.0037551153250103969 0.073847448423685777 0.035566389186148982 0.077385501717442642 0 0.023989030932088932 0.049126470875742408 0.04302190136337404 -0.01957016430157156 0.069278656611237263 -0.0017786340991505834 -0.013111724278036852 0.0079848991703262342 0.034509536195016961 -0.01062886658861735
leaf_weight=44.093313779681921 61.425191149115562 22.249328635632992 699.87351991608739 19.708999332040548 2.5311916619539288 4.9822037518024427 5.8554760068655005 3.6107124313712138 4.6108802221715441 16.582978643476967 1.4463097043335427 2.4872303009033194 4.0141326263546926 4.1937763392925262 2.4928381815552694 30.36055314168334 3.0658280998468426 3.6245473921298981 3.2016634717583647 2.8667669780552387 4.4970873892307281 4.329240158200264 19.510860793292522 3.72247514128685 3.9087371528148633 2.9177649281918994 3.4396741166710854 7.3253317438066032 4.6492431536316854 6.3836101964116123 6.8253293409943634 16.414696656167514 239.17463526129723 5.0334491133689907 2.6651471257209822 10.890195488929741 24.110011141747236 3.5363497883081436 5.1937055438756934 14.864294350147246 4.1978665962815302 68.249962083995342 4.8414286151528358 13.274969480931757 2.7535151317715636 2.6689629256725311 3.3260922804474831 12.098865099251269 2.5549789518117896 3.0093171112239343 5.0419392883777601 2.7099093943834305 2.8720144852995872 2.6450530961155891 2.0246478952467433 3.1240715011954299 2.4968833029270172 273.2959940508008 2.9886749312281609 6.1665973961353293 187.98454246670008 200.65213074162602
leaf_count=693 972 164 13402 239 30 47 53 35 58 189 25 26 41 42 25 321 32 36 31 32 47 39 202 36 35 34 33 80 39 68 70 190 3113 65 31 141 419 34 55 162 43 706 49 130 27 26 34 137 27 47 48 29 30 27 32 49 39 4273 47 48 1429 3464
internal_value=0.000156534 0.0183718 -0.0122364 0.0116689 0.0135261 0.0306948 0.0192432 0.020737 0.0196895 0.0204462 -0.0048355 0.0197693 0.0420095 0.0540097 0.0221356 0.0185962 0.0287415 0.0454184 0.0362812 0.021221 0.0156815 0.0327062 0.0258349 0.0462166 0.0497746 0.00224602 0.0327002 0.0166253 0.0222731 0.0106136 0.0189601 0.0173657 0.00784787 0.0213064 0.0154311 0.0247571 -0.00891875 0.0649727 0.0254128 0.0104924 0.0272765 0.0166096 0.0354985 0.0284894 0.0405752 0.0307779 0.0434633 0.00979253 0.0185518 -0.00217275 0.0317691 0.0442298 0.0591864 0.0170073 -0.000694182 0.0159326 0.0294492 -0.00141504 0.011095 0.0351459 0.0336893 -0.00928365
internal_weight=2141.65 867.201 1274.45 562.032 517.938 305.169 257.644 237.935 232.079 227.468 574.573 88.7687 10.6951 8.20791 207.968 136.083 71.8848 8.98415 45.2597 5.35961 26.6251 42.058 30.3804 10.8695 11.6777 19.5007 7.76891 127.099 65.0667 62.0321 31.6716 51.6688 260.295 21.12 18.5888 13.5553 226.208 7.14706 25.288 23.5592 8.69495 78.0736 9.82363 20.6003 13.3978 10.6443 7.97534 31.0685 18.9697 348.365 20.0942 10.6239 7.91395 9.47038 286.94 11.6189 8.49488 275.321 5.99799 216.4 194.151 224.762
internal_count=32127 9358 22769 6806 6113 2552 2733 2494 2441 2383 9367 911 109 83 2160 1431 729 93 445 57 284 414 307 105 107 223 72 1338 690 648 327 564 3380 267 237 172 3908 69 259 252 90 802 96 210 126 99 73 354 217 5459 204 107 78 97 4487 182 133 4305 94 1641 1477 3883
is_linear=0
shrinkage=0.02


Tree=17
num_leaves=63
num_cat=0
split_feature=2 0 0 51 1 2 2 37 50 19 62 62 37 13 37 36 46 21 20 60 38 8 45 47 62 46 2 35 12 10 62 26 57 33 26 45 53 12 26 48 60 27 54 2 37 38 37 35 0 52 25 20 47 11 8 57 8 8 33 29 43 53
split_gain=1200.77 175.615 158.823 35.89 25.0822 18.7858 18.6934 15.3425 13.4692 14.0072 17.102 16.856 24.764 14.7953 14.5124 12.6496 10.6901 12.0022 14.2513 10.4257 12.2454 10.5442 11.5262 10.1056 9.96061 13.9686 15.747 12.9572 10.4189 10.0581 9.90754 13.2621 9.43924 9.26312 9.19873 14.9009 9.31362 12.5655 8.9548 8.78087 8.72527 10.16 10.5278 11.6459 8.64315 14.3769 11.3281 18.7322 15.5052 9.96228 17.3466 15.9928 14.6661 12.3471 13.6068 9.39289 14.8291 9.74862 15.5156 9.18744 8.58747 13.4758
threshold=0.11173533083645444 3.6500000000000008 34.250000000000007 0.048500000000000008 1.8000241202036604 0.48809523809523814 0.05221967713787086 36.190000000000005 0.5687500000000002 1.0000000180025095e-35 -0.62815800000000022 -0.76587499999999986 37.835000000000008 2.5000000000000004 38.610000000000007 0.35855000000000004 0.015521111111111112 0.25020000000000003 0.03475000000000001 0.17370740000000004 4.9000000000000012 1.2431348343923585 0.14665000000000003 0.10902631578947369 -0.42817199999999939 0.0057845238095238097 0.061920098151982218 0.081650000000000014 0.3000000000000001 1.5000000000000002 0.18720000000000073 0.034150000000000007 0.0016750900000000004 7.5000000000000009 0.10175000000000002 0.030273214285714289 0.29166666666666669 0.23350000000000004 0.14505000000000004 0.14589375000000002 0.0050970000000000008 0.078150000000000011 1.4899553571428574 0.69047619047619058 37.910000000000004 1.9000000000000001 35.590000000000011 0.12770000000000001 5.9500000000000011 -0.8250000000000014 0.051550000000000006 0.067650000000000002 0.07227076411960133 1.5000000000000002 -0.96668272886219675 0.012337710000000002 -0.2425356250363325 0.63182496756573936 41.500000000000007 14.500000000000002 280.50000000000006 0.039230769230769243
decision_type=2 2 2 2 2 2 2 2 2 2 2 2 2 2 2 2 2 2 2 2 2 2 2 2 2 2 2 2 2 2 2 2 2 2 2 2 2 2 2 2 2 2 2 2 2 2 2 2 2 2 2 2 2 2 2 2 2 2 2 2 2 2
left_child=2 5 3 6 15 -2 -1 -6 9 -9 11 12 -11 -12 -14 19 17 18 -10 21 -21 22 30 -7 28 26 -26 60 33 -28 31 -3 -33 -8 35 -17 37 -37 -23 -36 -25 -42 43 -43 46 -46 48 49 -34 50 -48 -51 -53 -52 -55 56 -56 -58 -59 -49 61 -27
right_child=1 4 -4 -5 7 23 24 8 16 10 13 -13 14 -15 -16 34 -18 -19 -20 20 -22 38 -24 40 25 27 29 -29 -30 -31 -32 32 44 -35 39 36 -38 -39 -40 -41 41 42 -44 -45 45 -47 47 59 -50 51 53 52 -54 54 55 -57 57 58 -60 -61 -62 -63
leaf_value=-0.0088889319540921639 0.027303779860728607 -0.0033352960440215271 -0.018237424448212684 0.02816804418776863 0.0018454588519116149 0.066091983034971755 0.043154253520756851 -0.0065165492150828222 0.045627120039318896 0.08959431547813354 0.014045554446188746 -0.019892240473631032 -0.01096500399901895 0.082304685517197995 0.043010839866566973 -0.0015849902971543388 0.0010066381004911272 0.063383848439621665 0 0.0068524510004803665 0.057104828502288728 -0.015456066178451593 -0.020278825701854356 0.0096882006047727034 -0.0036648981763934187 0.07097085155957765 0.014785747072549003 -0.0020923340048228578 -0.012699434085439561 0.058770103605250659 0.0060254001769478576 0.049975024925127266 0.015857842142857112 -0.0021641808274544521 -0.01413557283482314 0.074464715086841854 0.00387164506646831 0.010903043328321231 0.029391162972512146 0.013817032300354574 0.055971240388672121 0.032317183831589082 0.0062076872150056217 0.052968157921138168 0.048342976079038293 0.0021354903873062919 0.069732272378634441 -0.020615560698806192 0.061799796770760564 0.0088633428289741686 -0.0014865700895510092 0.099615109102218866 0.030879585178633696 -0.0083406983338265191 0.064401280297110716 0.06292930419339951 0.0076210809541341377 0.01513295589607408 0.077923129151418538 0.020444978358043861 0.00489200458147406 0.0029635732968488417
leaf_weight=281.78482114523649 235.86903204768896 9.6387222185730916 688.55996351316571 13.097781419754027 126.90920253098011 5.1732438430190077 1.7105444334447373 4.1561482995748547 3.6887591853737822 2.1848116442561167 2.0852126702666256 3.1106768548488626 4.0893900766968727 4.0703741014003754 3.5430462881922722 9.9169303625822085 33.963197894394398 2.1925127729773513 9.2251293808221799 3.288071505725382 5.3644492626190186 7.1236819326877576 3.0604951828718177 5.1085801869630805 6.9396932721137992 2.4479782246053201 4.8188983388245088 198.18753889575601 57.703281454741955 4.0882950723171234 26.743082478642464 4.2652214094996443 98.677651442587376 57.194573774933815 13.314672224223616 3.1628924831747991 2.9167306125164032 2.2840886637568474 2.1878020316362381 6.5251160785555831 11.475709199905394 55.626814432442188 5.1151360347867003 15.004784926772116 2.9706594273448017 21.091953553259373 3.7566685155034056 3.9182066768407804 2.9532907977700225 2.4108787775039655 5.9106271564960471 3.2924572303891182 2.4822963625192642 3.1552867367863611 3.7704767733812359 4.068999931216239 10.537980213761342 4.6517250835895529 2.4480624943971634 4.5267993733286858 7.4419164471328259 2.3133761025965214
leaf_count=4843 2025 104 13402 118 1713 37 27 53 43 28 27 41 53 50 43 118 441 26 117 36 52 94 34 34 109 38 75 3084 917 63 301 43 1054 906 162 36 32 27 26 75 74 391 36 83 33 228 39 45 35 25 64 34 26 34 40 42 114 49 27 49 116 36
internal_value=0.000153289 0.0192906 -0.0115764 -0.00437709 0.0115253 0.0304436 -0.00507092 0.00606754 0.0134171 0.0259675 0.0331937 0.0193976 0.0322599 0.0605418 0.0140517 0.0153867 0.00735119 0.0212687 0.013243 0.0170757 0.0387913 0.0162343 0.0171024 0.0379546 -0.00192164 0.000514177 0.0185393 -0.000841488 -0.00666776 0.0359442 0.0176464 0.0192228 0.0204167 -0.000691111 0.00454788 0.0147662 0.0341926 0.0493539 -0.0043029 -0.00475746 0.036241 0.0377426 0.0348362 0.0368496 0.0196613 0.00822811 0.0213898 0.0288132 0.0173115 0.0337789 0.0291131 0.0543334 0.0721051 0.0243268 0.0297396 0.034594 0.0286689 0.020383 0.0383616 0.00101788 0.0190088 0.039639
internal_weight=2139.3 813.008 1326.29 637.729 479.634 333.373 624.631 199.218 72.3093 23.2397 19.0835 12.9279 9.81725 6.15559 7.63244 280.416 49.0696 15.1064 12.9139 242.296 8.65252 233.643 224.332 97.5043 342.846 226.238 15.8469 210.391 116.608 8.90719 221.271 194.528 184.889 58.9051 38.1204 18.2806 8.36371 5.44698 9.31148 19.8398 92.331 87.2224 75.7467 70.6316 180.624 24.0626 156.561 54.9305 101.631 46.4855 38.2998 8.18563 5.77475 34.5432 28.6325 25.4772 21.4082 17.6378 7.09979 8.44501 12.2033 4.76135
internal_count=32127 8393 23734 10332 5713 2680 10214 2635 922 295 242 165 124 77 96 3078 627 186 160 2628 88 2540 2420 655 5371 3521 247 3274 1850 138 2386 2085 1981 933 450 213 95 63 120 237 618 584 510 474 1938 261 1677 588 1089 494 409 85 60 370 306 272 230 190 76 94 190 74
is_linear=0
shrinkage=0.02


Tree=18
num_leaves=63
num_cat=0
split_feature=2 0 0 45 1 2 2 37 52 56 35 52 27 44 26 21 58 62 36 37 37 60 58 23 53 10 44 26 56 21 44 23 55 55 22 21 46 44 25 33 34 44 9 24 36 46 2 61 57 23 45 9 6 40 62 27 0 27 23 46 9 24
split_gain=1148.01 161.965 157.314 30.3158 23.5077 17.5365 15.4527 14.5045 12.6017 12.654 11.9822 15.3864 10.4725 10.3094 10.048 17.3124 10.8211 9.59899 9.49374 10.6539 18.3161 14.4806 12.4587 11.313 14.3949 13.2898 16.7989 11.9206 12.3495 12.7971 10.5974 23.1693 10.5956 10.2842 9.08049 13.185 17.1196 9.7765 13.8013 9.96715 9.41544 9.00907 8.84557 8.53252 8.6095 8.46466 16.3354 14.5481 13.9876 8.30614 8.23077 14.8357 8.21751 12.1662 9.2909 9.83553 8.18586 8.03049 9.67114 7.96004 12.5775 11.0246
threshold=0.11173533083645444 3.6500000000000008 34.250000000000007 0.042841666666666674 1.8000241202036604 0.60661764705882371 0.05221967713787086 36.190000000000005 -1.0456249999999983 0.0010235300000000001 0.13185000000000002 0.037499999999999652 0.10805000000000002 256.50000000000006 0.19645000000000004 0.32205000000000006 0.79625000000000012 -0.81244850000000046 0.38795000000000007 34.910000000000004 37.910000000000004 0.17370740000000004 1.0562500000000001 0.24105000000000001 0.04356060606060607 3.5000000000000004 47.500000000000007 0.085850000000000024 0.0095266500000000028 0.37855000000000005 102.50000000000001 0.18160000000000001 1.2450797872340429 1.2114361702127663 0.064450000000000021 0.23315000000000002 0.019755000000000005 187.50000000000003 0.091750000000000012 27.500000000000004 3.5000000000000004 117.50000000000001 461.00000000000006 0.20255000000000004 0.28060000000000007 0.0057845238095238097 0.069687257187257198 0.27147705813300677 0.0039297850000000007 0.20165000000000002 0.040516666666666673 479.00000000000006 -1.0069447770645308 8.2250000000000014 -0.17127899999999971 0.10655000000000002 70.250000000000014 0.094150000000000025 0.31165000000000004 0.050033333333333339 451.00000000000006 0.10615000000000001
decision_type=2 2 2 2 2 2 2 2 2 2 2 2 2 2 2 2 2 2 2 2 2 2 2 2 2 2 2 2 2 2 2 2 2 2 2 2 2 2 2 2 2 2 2 2 2 2 2 2 2 2 2 2 2 2 2 2 2 2 2 2 2 2
left_child=2 5 3 6 10 13 -1 -6 9 -9 18 -12 -5 -2 15 -7 -16 -8 19 23 21 32 -22 30 25 27 -27 -25 -29 -30 31 -3 33 52 35 -11 -37 -36 39 -39 -38 -14 -33 44 -26 46 -19 48 49 -48 51 -44 53 -21 55 -54 -4 -13 -59 -46 -61 -62
right_child=1 4 56 12 7 14 17 8 -10 34 11 57 41 -15 16 -17 -18 45 -20 20 22 -23 -24 24 43 26 -28 28 29 -31 -32 42 -34 -35 37 36 40 38 -40 -41 -42 -43 50 -45 59 -47 47 -49 -50 -51 -52 -53 54 -55 -56 -57 -58 58 -60 60 61 -63
leaf_value=-0.0084628035727472781 0.027995693445709444 0.05005646684318988 -0.01510276133448062 0.037584569435032328 0.0018057746345377405 0.023612965886127237 -0.0093556161530481581 0.044086238432913566 0.06083818530040544 0.0045361596075822073 -0.011225932706982678 0.040277597304436599 -0.012280426053608517 0.001613888024964069 0.041474025144189339 0.056137896449076442 -0.0010663784166349327 -0.0016586484670716539 -0.0029535208516826088 0.0247357110341598 0.0033601613340678333 0.062517318412373846 0.042589492319577475 -0.00011830812571406781 -0.020045105317643256 0.02098393905705247 0.090364530728532108 0.068079093036600605 -0.005704442081628981 0.04492762402014628 -0.0074449381731551767 -0.015661091402975579 0.0053922020056666525 0.0564012856927757 -0.0012484177711164677 0.076628413346456467 0.0038026152100327738 0.0082946359095121963 -0.0026489842029313675 0.062549558431608962 0.05473112868893474 0.034827235071073506 0.062153338800854982 -0.020272328242293396 0.0080137114542099663 -0.0015364378006956401 0.05050048439621526 -0.0095640363714882843 0.092989028669234822 -0.0068793040064121297 -0.005899510585454253 0.0016041033893378458 0.00046092092603322799 0.061580012178254359 -0.020317627567166863 0.049465056763745664 -0.019816933836460826 -0.015683290685502393 0.026680849805207671 0.055071440755750302 0.039470376335421137 0.0057277677651285767
leaf_weight=281.86137994751334 291.30167833715677 5.0864327922463444 238.00348874181509 8.6829591616988164 127.10551834851503 10.040302753448485 59.950583707541227 4.3703942447900763 2.0264708399772635 11.176836363971235 15.044023372232916 4.3245338574051848 4.4496003463864318 6.3139411211013785 4.9275831729173643 23.436704114079475 4.2556550353765488 13.289979916065933 9.5924603417515737 59.675937026739113 28.661572858691216 4.0755122154951087 3.5450600087642661 6.4451999813318315 2.7112921997904769 3.0834577903151503 2.866207979619503 2.9502666443586332 3.8733572661876678 3.7229995280504227 17.745047673583031 6.7469394728541401 11.404930666089056 4.4183617085218421 34.05407427251339 2.8934293463826162 5.3274897187948227 2.5024916231632215 5.3843805119395256 3.398803249001503 1.9414631277322767 2.3364828564226627 2.6899479553103429 2.9847689718008033 28.162947662174702 256.94927123188972 2.0736157745122905 2.0414883010089397 1.9471214599907396 1.6410994231700895 5.0960359796881676 4.0305177271366119 4.2896997258067131 3.8918304666876784 3.1334244981408172 2.6368401795625687 439.44377790018916 3.9238527417182905 4.3467545285820961 4.2358535304665592 5.6538702920079258 12.667536921799181
leaf_count=4867 2378 52 4544 71 1713 60 959 48 25 139 174 47 54 55 29 132 26 209 114 638 313 40 37 71 30 33 30 32 44 41 194 72 124 46 437 35 71 31 70 41 25 35 28 33 304 4021 31 31 29 25 55 43 50 39 35 28 8858 46 48 44 57 136
internal_value=0.000149887 0.0186499 -0.0114641 -0.00430625 0.0111995 0.0292265 -0.00500266 0.0059202 0.0130173 0.011486 0.0149088 0.00225779 0.0231829 0.0274472 0.0414298 0.0466212 0.0217384 -0.00210495 0.0162604 0.0170216 0.0211405 0.0256313 0.00794836 0.0126872 0.0171149 0.0305197 0.0562996 0.0209042 0.0338534 0.0191127 0.00409546 0.0128729 0.0238154 0.0264538 0.00921017 0.0199584 0.0363165 0.00403643 0.0200528 0.040814 0.018641 0.00390887 0.0022046 0.0115443 0.0134294 -0.000526038 0.0116221 0.0345105 0.0507553 0.0250917 0.0127246 0.0271042 0.0245049 0.0271782 0.00716811 0.0201931 -0.0181689 0.0185411 0.00630427 0.0153316 0.0242227 0.0165389
internal_weight=2136.85 824.175 1312.67 635.224 483.899 340.276 619.755 200.181 73.0758 71.0494 283.717 27.6392 15.469 297.616 42.6602 33.477 9.18324 337.893 256.078 246.486 125.733 93.5265 32.2066 120.753 79.3578 22.9415 5.94967 16.9918 10.5466 7.59636 41.3949 23.6499 89.451 78.0461 66.679 21.3392 10.1624 45.3397 11.2857 5.90129 7.26895 6.78608 18.5634 56.4163 53.4315 277.943 20.9933 7.70332 5.66184 3.71472 11.8165 6.72047 73.6277 63.5678 10.06 6.92654 677.447 12.5951 8.27061 50.7202 22.5573 18.3214
internal_count=32127 8393 23734 10332 5713 2680 10172 2635 922 897 3078 315 160 2433 247 192 55 5305 2763 2649 1350 1000 350 1299 855 251 63 188 117 85 444 250 960 836 849 270 131 579 142 72 96 89 198 604 571 4346 325 116 85 56 126 71 790 677 113 78 13402 141 94 541 237 193
is_linear=0
shrinkage=0.02


Tree=19
num_leaves=63
num_cat=0
split_feature=2 0 0 45 1 2 2 37 50 40 60 47 36 24 54 27 62 9 9 57 34 47 61 60 60 62 38 38 45 36 20 45 41 2 48 47 47 44 44 0 38 9 52 49 47 54 0 27 57 10 35 60 27 23 21 2 9 59 53 24 57 61
split_gain=1098.05 155.79 149.639 28.8551 22.0289 16.5914 15.0469 13.7371 12.502 12.5567 12.3815 12.344 11.299 10.9847 10.5088 9.6228 9.31778 9.13239 11.7316 15.3232 11.6348 16.6632 16.4292 12.9687 9.83926 9.69981 9.57677 9.28575 8.96593 10.5553 13.8643 11.0088 10.4196 9.45154 9.20133 11.9069 8.85217 8.69532 8.48606 8.39321 8.38172 8.67116 9.31822 14.7294 11.5561 9.50333 8.25876 8.12906 7.99969 9.30635 12.4001 7.79536 8.95187 10.5287 8.79713 8.72663 9.66069 13.0808 8.52028 7.76547 7.43689 7.75382
threshold=0.11173533083645444 34.250000000000007 3.6500000000000008 0.042841666666666674 1.8000241202036604 0.48809523809523814 0.05221967713787086 36.245000000000012 0.5687500000000002 2.9000000000000004 0.0091191000000000032 0.052655508474576278 0.35855000000000004 0.050850000000000006 0.73409598214285721 0.10805000000000002 -0.81244850000000046 417.00000000000006 447.00000000000006 0.0028790250000000003 1.5000000000000002 0.059534285714285727 0.23002875718929736 0.059528400000000002 0.17370740000000004 0.18720000000000073 6.9000000000000012 3.9000000000000004 0.016653571428571431 0.28060000000000007 0.097950000000000023 0.018046428571428574 5.5000000000000009 0.16807909604519775 0.088243750000000024 0.044850793650793662 0.10902631578947369 248.50000000000003 117.50000000000001 5.3500000000000005 2.4500000000000006 441.00000000000006 0.3750000000000005 0.35990000000000005 0.041843576453165492 1.1015625000000002 70.250000000000014 0.15455000000000002 0.013639120000000003 2.5000000000000004 0.12770000000000001 0.0050970000000000008 0.078150000000000011 0.33005000000000007 0.54725000000000013 0.54093567251462005 451.00000000000006 0.099995000000000014 0.22500000000000003 0.21115000000000003 0.0018072900000000002 0.093414634146341477
decision_type=2 2 2 2 2 2 2 2 2 2 2 2 2 2 2 2 2 2 2 2 2 2 2 2 2 2 2 2 2 2 2 2 2 2 2 2 2 2 2 2 2 2 2 2 2 2 2 2 2 2 2 2 2 2 2 2 2 2 2 2 2 2
left_child=1 3 5 6 12 -2 48 -6 9 -9 -11 14 17 -10 -12 -5 -8 -4 19 -19 21 22 -21 -23 25 28 -22 -26 -20 30 34 -31 -32 -33 35 -30 -7 -15 -17 59 -14 -42 44 -44 45 -43 -3 -18 -1 50 -50 -38 -53 55 -55 58 -57 -58 -54 60 -35 -62
right_child=2 46 4 15 7 36 16 8 13 10 11 -13 40 37 -16 38 47 18 24 20 26 23 -24 -25 27 -27 -28 -29 29 31 32 33 -34 39 -36 -37 51 -39 -40 -41 41 42 43 -45 -46 -47 -48 -49 49 -51 -52 52 53 54 -56 56 57 -59 -60 -61 61 -63
leaf_value=-0.0090338267316504642 0.025187529529875709 -0.015003056642762764 -0.012016834561471217 0.035906415915522898 0.0018253355435845268 0.060575155007518124 -0.0092441640471212921 0.065719387172286731 0.026224909532760469 0.054443365339155239 0.036104253190841137 0.054908611636665008 -0.013846369966118955 -2.589856963374825e-05 -0.0033428299073555764 -0.012158107121659796 0.00026269218916588405 0.057764937210807381 0.0023204844886521941 -0.0076033320706683939 -0.0055964887766482771 0.067126829120518802 0.051732187383385517 0.012509732979536139 0.0017529609242001103 0.0015119150577046789 0.029963432344167967 0.050377685504493633 0.031701026835077972 0.048655031031345879 0.031659897393640668 0.045668545446909743 -0.019883668702419879 0.055481490860007407 0.015786224436207152 0.094446280701921473 0.0086265348333821826 0.04041729349768039 0.03322262225976845 0.0028291689007228179 -0.016335832076616614 0.062491893729120784 0.061401161094880433 0 -0.0014536892369229613 0.0031901674448173846 -0.01977219180402872 -0.015338613603067475 -0.017017847272730341 0.038260953546165898 0.041068013262148553 0.051460012920348498 0.037818626891179305 0.048245749842530494 0.018195300586850573 0.002779204266033074 0.0040000992586985305 0.040990099244949028 0.0040518602409399477 -0.0087293143775136316 0.040683829439844325 0.01474462491148942
leaf_weight=269.16240485012531 245.24980691075325 234.82650482654572 4.3416666984558097 8.9116199687123281 128.67433124035597 5.493289202451705 59.466626085340977 2.5899159088730839 9.3626973554491979 3.2387390360236195 3.2915355190634754 2.1940411850810042 7.8690680116415015 37.626005157828331 12.037536472082136 4.4064247757196418 263.90084455162287 5.5590060949325553 19.375154122710228 5.7333743944764191 8.5276404693722707 6.0938623249530774 2.5549047961831093 2.7253449335694313 2.3593653067946425 23.425627753138542 4.4425229951739302 5.579865038394928 2.8014999330043775 3.7893383949995032 3.5517645031213751 3.6856744140386573 2.5221948027610779 1.8951683416962612 2.4826942905783653 2.7491985112428665 5.2431646883487693 2.0946913361549369 2.4068555533885956 25.450043961405754 4.3769100978970554 2.2138617336750093 3.4375824779272071 2.7346108555793762 15.648718081414698 2.231591708958149 431.70752383768559 13.906978465616701 5.963545296341179 2.8750433512032032 1.7771284431219099 12.088637135922907 4.0534665510058376 21.746122345328335 5.4736592248082152 4.2681833729147902 4.6968591362237957 27.263538368046284 11.396833635866642 4.7184587940573683 4.9045453071594229 99.169871859252453
leaf_count=4682 2025 4544 47 71 1731 37 959 32 109 36 39 27 93 483 153 54 4128 52 215 64 90 61 28 29 26 263 48 51 28 39 37 42 28 17 27 25 34 25 35 292 51 25 38 32 185 26 8858 218 104 50 31 74 29 129 37 29 30 168 88 51 48 1020
internal_value=0.000146183 -0.0113521 0.0180399 -0.00423669 0.010886 0.0280851 -0.00492453 0.00577933 0.0127436 0.0247973 0.0191143 0.0120081 0.0144497 0.00688995 0.00520142 0.0223572 -0.0020667 0.0160163 0.0165343 0.0272482 0.0212501 0.0320613 0.0109261 0.0510748 0.01467 0.0137602 0.00655811 0.0365988 0.0153607 0.0169399 0.0335973 0.0152495 0.00981119 0.0142715 0.0507057 0.0649717 0.0349942 0.00217568 0.00381256 0.0133502 0.00424326 0.00903084 0.0134402 0.0347485 0.00653785 0.0344514 -0.0181002 -0.000515368 -0.00835599 0.00843836 -0.00277493 0.0334108 0.0347895 0.0321046 0.0424453 0.0264931 0.031924 0.0356916 0.0133815 0.0157351 0.0168634 0.0160526
internal_weight=2134.35 1299.31 835.034 632.777 488.061 346.974 617.053 201.109 72.4352 23.3518 20.7619 17.5231 286.951 49.0834 15.3291 15.7249 337.274 248.439 244.097 35.6367 30.0776 17.1075 8.28828 8.81921 208.46 200.521 12.9702 7.93923 177.096 157.72 14.1074 143.613 6.07396 139.824 8.03339 5.5507 101.724 39.7207 6.81328 136.138 38.5123 30.6433 26.2664 6.17219 20.0942 4.44545 666.534 277.808 279.778 10.6157 7.74067 96.2305 90.9873 78.8987 27.2198 51.6789 36.2286 31.9604 15.4503 110.688 105.97 104.074
internal_count=32127 23734 8393 10332 5713 2680 10172 2635 904 287 255 219 3078 617 192 160 5305 2628 2581 372 320 182 92 90 2209 2132 138 77 1869 1654 145 1509 65 1470 80 53 655 508 89 1428 450 357 306 70 236 51 13402 4346 4867 185 135 618 584 510 166 344 227 198 117 1136 1085 1068
is_linear=0
shrinkage=0.02


Tree=20
num_leaves=63
num_cat=0
split_feature=2 0 0 45 2 0 24 9 35 6 58 25 45 51 2 2 61 57 33 58 57 25 57 26 26 45 29 26 52 58 44 52 52 55 9 44 10 53 23 22 35 44 8 49 20 59 25 53 37 43 60 13 11 59 0 60 60 27 43 44 53 49
split_gain=1066.57 151.792 117.084 26.3619 22.4355 21.9447 12.9469 12.6316 12.2673 12.0569 12.0489 11.9597 11.7063 11.2061 11.0767 10.7682 10.6175 19.8211 16.584 11.6909 11.6292 20.7306 11.7976 11.7685 12.1705 12.9579 11.9922 11.4906 15.7969 11.0129 10.0476 11.5234 16.9048 11.2391 10.1793 10.1016 9.99121 9.69172 13.7131 10.8858 10.424 11.0284 10.9775 13.393 11.8376 14.2018 12.1516 10.6997 16.2007 13.2782 10.37 10.2392 10.3822 9.53591 10.4477 11.109 22.143 9.89489 10.3132 11.1858 9.47484 9.25175
threshold=0.11976477337923121 30.750000000000004 3.4500000000000006 0.063175000000000023 0.60661764705882371 5.3500000000000005 0.030650000000000004 445.00000000000006 0.13715000000000002 -1.0800672094148296 0.70625000000000016 0.12965000000000002 0.008558571428571431 0.020547142857142865 0.061920098151982218 0.013063362856021436 0.6352261580381473 0.025695900000000004 64.500000000000014 0.8962500000000001 0.0030860900000000001 0.039850000000000003 0.020547409999999999 0.10945000000000001 0.084450000000000011 0.098625000000000004 13.500000000000002 0.19240000000000004 0.53062500000000068 0.74625000000000019 208.50000000000003 -3.6775000000000015 -5.0387499999999985 0.71515957446808531 469.00000000000006 45.500000000000007 4.5000000000000009 0.095454545454545472 0.20775000000000002 0.064850000000000005 0.12770000000000001 194.50000000000003 1.1773462711769445 -0.37109999999999993 0.043350000000000007 0.053611410000000005 0.047250000000000007 0.080128205128205135 35.175000000000004 330.50000000000006 0.17370740000000004 3.5000000000000004 1.5000000000000002 0.074459010000000006 3.1500000000000008 0.023472300000000005 0.068816100000000005 0.063750000000000015 258.50000000000006 96.500000000000014 0.29166666666666669 -1.0000000180025095e-35
decision_type=2 2 2 2 2 2 2 2 2 2 2 2 2 2 2 2 2 2 2 2 2 2 2 2 2 2 2 2 2 2 2 2 2 2 2 2 2 2 2 2 2 2 2 2 2 2 2 2 2 2 2 2 2 2 2 2 2 2 2 2 2 2
left_child=1 3 4 7 8 37 10 -1 9 16 12 -8 -7 -13 -9 -3 20 18 -18 -20 21 -2 23 24 25 53 -26 -25 60 -24 33 32 -32 34 35 -16 -33 40 -39 51 41 42 43 -4 -45 -46 -47 49 -49 -48 61 52 -40 57 55 -55 -57 58 59 -22 -29 -41
right_child=2 15 5 -5 -6 6 11 14 -10 -11 -12 13 -14 -15 30 -17 17 -19 19 -21 22 -23 29 27 26 -27 -28 28 -30 -31 31 36 -34 -35 -36 -37 -38 38 39 50 -42 -43 -44 44 45 46 47 48 -50 -51 -52 -53 -54 54 -56 56 -58 -59 -60 -61 -62 -63
leaf_value=-0.010537566858718983 0.0010200154648185474 -0.019749602209324438 -0.0074991478717926774 0.031411263454167601 0.040181395414054515 0.045730573332503022 0.0045213197415928759 -0.005981838684386391 0.011181088686400774 0.053616025323866223 0.064185038172874562 0.049084629068462386 -0.0092691740091534261 0.012951678947151693 0.069655179908156603 -0.014611150481811656 0.057951864652745669 -0.0043297869566924696 0.039758871044657411 0.0087390435018849209 0.025263340105597446 0.048981174262817138 0.026078813510794784 0.011771359032703016 0.054648988272843833 -0.0051009968131587244 0.024257248178189278 0.06705172642778115 0 0.059551780019339209 0 0.012960433649500039 0.087756083549891492 -0.0023945030442526359 -0.0080381177151448574 0.014794854070156517 -0.020148117464065862 0.0004120598098868447 0.0063682333298998306 0.020127561331644662 -0.0061171746516246453 0.042590142964055902 -0.011140490829587483 -1.5419689780311234e-05 0.064254724191079068 -0.014137149235179104 0.026950440902436291 0.0067191901662522757 0.0701261216784414 -0.00031775589895760873 0.037013998845119321 0.0032732130114343449 0.044205139208586985 0.013881913523135572 0.060901449317836774 0.067501456592422127 0.00058051200489481994 -0.0042653379176450269 0.048301388377200438 -0.020870205409901321 0.021998530842536727 0.0063387670912421687
leaf_weight=110.68467831611633 4.8111360594630268 400.91838262602687 5.6474457681179038 8.1582319736480695 47.919583424925804 2.4894849359989148 193.30676086992025 252.57415930554271 24.043212309479713 6.5510708764195433 2.8602378740906715 3.7923775836825362 3.4901359900832176 34.725139982998371 2.0457176901400072 291.58353231102228 13.507839545607565 4.329452008008956 14.284902356565 7.9026190191507331 6.7698334753513354 16.044491536915302 13.856279142200949 72.647680178284645 10.252776600420477 6.6546341106295577 12.358196713030337 4.6947202906012517 4.1299664601683608 6.0689098313450804 1.7691449373960497 17.838994748890403 1.6807132735848451 208.42681718617678 3.2855940535664558 4.2613545544445515 4.3772092312574378 29.504603818058968 4.0164476409554544 29.370400957763195 5.1656865179538718 9.9650348424911481 4.1000360623002043 7.2312560528516761 3.7576772198081008 2.9801352322101584 44.590600959956646 2.6026474162936202 4.8102343454957008 8.2381629422306997 6.5319245979189864 5.3093144670128813 13.309873469173906 13.006000630557542 4.3872527405619612 5.4977469667792302 3.188021793961525 7.4528551474213591 4.5524509549140921 2.822673037648201 3.7919459268450737 60.91007024794817
leaf_count=1804 41 8377 60 62 265 26 2440 4279 194 49 32 47 43 426 31 5701 99 34 107 63 51 123 104 574 74 52 97 36 32 44 27 274 25 3218 51 65 67 304 41 299 56 98 50 73 35 30 436 27 47 84 62 57 132 94 40 37 26 61 34 25 29 636
internal_value=0 -0.0111715 0.0180292 -0.00393352 0.0274086 0.0118457 0.00751226 -0.0044212 0.0251399 0.0264651 0.0311658 0.00657781 0.0136981 0.0167635 -0.0030482 -0.017594 0.0256883 0.0353303 0.0402224 0.0289776 0.0237476 0.0381462 0.0220523 0.0201909 0.0259275 0.0205739 0.0384393 0.0149426 0.0326152 0.0367924 0 0.0117928 0.0451446 -0.00140187 0.0195627 0.0342583 0.00621162 0.0160311 0.0127306 0.0157439 0.0209357 0.0224628 0.0199665 0.021619 0.0238859 0.0265053 0.0240675 0.0260376 0.0488356 0.0226527 0.0127322 0.0283248 0.0357357 0.0242251 0.0324497 0.0261792 0.0437052 0.0140007 0.0237785 0.0112679 0.0480005 0.0108837
internal_weight=2117.84 1307.6 810.232 615.103 321.526 488.706 240.664 606.944 273.607 249.563 8.83986 231.824 5.97962 38.5175 496.26 692.502 243.012 40.0248 35.6954 22.1875 202.988 20.8556 182.132 162.207 76.9424 54.3315 22.611 85.2643 12.6166 19.9252 243.686 25.6661 3.44986 218.019 9.59267 6.30707 22.2162 248.042 148.953 119.448 99.0889 93.9232 83.9582 79.8582 74.2107 66.9795 63.2218 60.2416 7.41288 52.8288 96.8124 22.6356 17.3263 47.6768 26.079 21.6918 8.68577 21.5978 14.145 9.59251 8.48667 90.2805
internal_count=31907 23981 7926 9903 2385 5541 3014 9841 2120 1926 101 2913 69 473 8037 14078 1877 303 269 170 1574 164 1410 1262 591 420 171 671 97 148 3758 393 52 3365 147 96 341 2527 1531 1227 996 940 842 792 732 659 624 594 74 520 997 230 173 368 197 157 63 171 110 76 65 935
is_linear=0
shrinkage=0.02


Tree=21
num_leaves=63
num_cat=0
split_feature=0 0 3 0 46 6 25 12 59 0 24 45 8 61 8 36 60 23 61 62 44 22 0 8 8 60 0 23 32 33 25 50 45 51 24 62 29 59 59 40 43 60 0 8 24 50 7 61 22 0 56 46 62 43 23 23 58 6 60 44 33 26
split_gain=983.025 138.304 100.109 40.2352 35.9501 25.1572 12.667 13.9745 13.9038 11.9025 11.4607 12.823 11.0823 17.2143 15.6124 18.3988 16.3041 13.2047 11.6256 17.7499 11.3023 11.1504 10.6328 10.2378 10.17 12.0636 14.6653 11.6114 10.1247 10.4025 13.9887 12.1167 10.06 10.6382 10.5 9.98748 13.902 17.1446 12.4318 11.5305 15.6745 12.9064 11.0754 10.8046 9.94028 9.52845 9.45569 11.6756 16.0275 9.01512 8.96899 8.89279 11.1251 12.981 8.85771 13.715 8.66604 8.54617 8.06384 11.4432 10.9153 11.937
threshold=8.3500000000000032 30.750000000000004 2.5000000000000004 3.0500000000000003 0.018122500000000003 0.30449889395069901 0.12075000000000001 1.9000000000000001 0.075004975000000015 14.350000000000003 0.030650000000000004 0.0076866071428571435 0.50697289908980536 0.78931623931623951 0.28867513459481414 0.29400000000000009 0.014684600000000003 0.28955000000000003 1.5023809523809526 0.16666499999999973 216.50000000000003 0.04735000000000001 72.850000000000009 0.37838772602876436 -1.0000000180025095e-35 0.010725500000000001 3.7500000000000004 0.23335000000000003 2.5000000000000004 33.500000000000007 0.070550000000000015 0.58750000000000024 0.063175000000000023 0.035712500000000008 0.062150000000000004 -0.33304999999999979 10.500000000000002 0.041341055000000008 0.069153360000000011 4.4500000000000011 58.500000000000007 0.018699900000000002 5.0500000000000007 -0.76482245360930523 0.21505000000000005 0.68750000000000011 57.750000000000007 0.622705314009662 0.13245000000000004 3.7500000000000004 0.0092890750000000008 0.0068190909090909092 -0.31407900000000011 280.50000000000006 0.30615000000000009 0.29295000000000004 0.66250000000000009 -1.0069447770645308 0.019387500000000002 78.500000000000014 22.500000000000004 0.10255000000000002
decision_type=2 2 2 2 2 2 2 2 2 2 2 2 2 2 2 2 2 2 2 2 2 2 2 2 2 2 2 2 2 2 2 2 2 2 2 2 2 2 2 2 2 2 2 2 2 2 2 2 2 2 2 2 2 2 2 2 2 2 2 2 2 2
left_child=2 9 3 4 -1 6 7 10 -8 51 11 -4 13 14 16 23 17 24 19 49 46 -17 -3 -16 25 26 -5 -28 29 30 -23 -32 33 34 -12 39 38 -38 -37 40 -36 -42 -41 -40 -10 -20 47 48 54 -15 -22 52 -2 -54 55 -14 -13 -6 -18 -60 -61 -62
right_child=1 22 5 12 57 -7 8 -9 44 -11 32 56 20 18 15 21 58 -19 45 -21 50 28 -24 -25 -26 -27 27 -29 -30 -31 31 -33 -34 -35 35 36 37 -39 43 42 41 -43 -44 -45 -46 -47 -48 -49 -50 -51 -52 -53 53 -55 -56 -57 -58 -59 59 60 61 -63
leaf_value=-0.020604733299930698 -0.0046027873154866998 -0.014420286388585311 0.060909877787418028 0.061176522524526392 0.027102962451827126 -0.014772777530400223 0.051952307567456481 0.031981788557181125 0.016547925342247832 -0.0066011059725083615 -0.0010683520561324724 -0.0096873375127571656 0.011482302402841132 0.053091570648844122 0.086164065390354982 0.054692463622712885 -0.011854654914776394 0.0040184378081812135 0.031603818445059995 0.080809388915319802 0.0097588694736096097 -0.0019286863313132425 -0.019600594950907199 0.034605290450040703 0.0030585583450105651 0.068027549586034908 -0.015130249127138673 0.032803373898413465 -0.0049663463444771516 -0.0088034010249258762 0.023424035517176939 0.067280058443664192 0.04635917422267001 -0.0079297879402542796 -0.019461544137381995 -0.013663844677588155 0.060594156061118731 0.00022637204825574951 -0.010358612983741111 0.040874905081966326 0.066726587946956684 0.024582864431086291 0.0022087003542802827 0.037373688435903996 -0.01567665687236823 -0.0091015988126166465 -0.0017908808316050222 -0.011030677575690566 0.047352823852561725 0.011515029533204947 0.048823411514786377 -0.0018370289532419243 0.012023027277366266 0.062612867803706604 -0.0054208785383989509 0.047550496133854793 0.035090133537156426 0.054368825475948866 0.023523019123970586 -0.0060230452763765183 0.029803706122495294 0.0017644523494654773
leaf_weight=6.1484446153044692 8.4903774000704306 274.917829092592 2.9613604918122274 3.639976575970655 277.10093988105655 19.068127892911434 4.1642579659819594 8.3712516315281373 52.562852833420038 317.73218680545688 59.254228740930557 3.5883643925189972 39.741269074380398 3.7899253815412539 2.7850820347666732 3.2076126635074642 7.8497921600937834 8.8365052044391614 6.4766124188899976 4.2950292080640784 4.7986308410763723 3.988412991166121 406.74233401566744 4.7296524569392204 3.7351176440715816 4.6742448359727851 3.327927902340889 4.5518435686826706 6.9706519171595565 3.2277496084570876 7.2190930992364866 4.2943960428237915 2.1820415407419196 24.469468824565411 2.2649723142385509 3.0396469086408642 1.7810201123356808 78.46616767719388 2.0829879902303245 3.3148468583822277 3.8963160738348988 13.538352988660334 22.147379018366337 11.620195120573038 3.9173767864704123 3.2901679053902626 26.340875543653965 7.4056442975997916 5.5445636212825766 5.176987387239933 5.1567426174879074 218.62375586107373 8.1919825449585897 2.7016698941588393 9.5678950771689397 4.6893203109502783 2.9863501340150833 4.9156939089298239 16.709317833185196 21.954704150557518 10.136499792337419 15.4854669123888
leaf_count=98 131 5430 29 30 1951 326 47 104 618 5407 727 43 400 33 26 30 78 86 63 42 48 38 8648 45 36 40 33 46 68 33 69 41 24 302 27 39 19 1024 25 32 43 157 271 141 46 34 282 78 51 57 49 3351 122 39 99 45 32 33 161 222 100 158
internal_value=0 -0.0114816 0.0161913 0.0213836 0.026568 0.0073794 0.00877338 0.00672716 0.0169861 -0.00406769 0.00580512 0.0271888 0.0156928 0.0190103 0.016253 0.0275328 0.0121168 0.0248533 0.0351112 0.0473994 0.0104911 0.0199322 -0.0175194 0.0554175 0.033843 0.0406665 0.0285758 0.0122811 0.0151856 0.0228243 0.0296227 0.0406939 0.00488054 0.00443607 0.00595811 0.00890612 0.00522943 0.00171405 0.021736 0.0166925 0.0281867 0.0346606 0.00756957 0.0298679 0.0142243 0.0176585 0.008255 0.0122474 0.0152133 0.0300011 0.030715 -0.000671053 0.012239 0.0255212 0.0117358 0.0155035 0.0105343 0.0276175 0.00695536 0.00932101 0.00421203 0.0130826
internal_weight=2114.84 1237.4 877.44 551.763 288.165 325.678 306.609 245.965 60.6445 555.74 237.594 9.53608 263.598 160.353 137.324 36.4227 100.901 28.7656 23.0287 13.2619 103.245 28.9079 681.66 7.51473 19.9291 16.194 11.5197 7.87977 25.7003 18.7297 15.5019 11.5135 228.058 225.876 201.406 142.152 96.99 80.2472 16.7428 45.1619 19.6996 17.4347 25.4622 13.7032 56.4802 9.76678 93.2896 66.9487 59.543 8.96691 9.95537 238.008 19.384 10.8937 53.9985 44.4306 6.57471 282.017 72.1358 64.286 47.5767 25.622
internal_count=31907 23128 8779 4703 2082 4076 3750 3039 711 9050 2935 104 2621 1569 1340 350 990 271 229 132 1052 279 14078 71 185 149 109 79 249 181 148 110 2831 2807 2505 1778 1248 1043 205 530 227 200 303 166 664 97 955 673 595 90 97 3643 292 161 544 445 75 1984 719 641 480 258
is_linear=0
shrinkage=0.02


end of trees

feature_importances:
implied_prob=83
win_odds=80
weight_z=58
trainer_samples=47
trainer_in_three_rate=46
samples_x_winrate_j=45
popularity_x_jockey=44
body_weight=43
course_win_rate=42
bodyweight_x_distance=40
days_x_horseavg=40
popularity_x_course=38
jockey_samples=37
distance_win_rate=36
implied_x_jockey_in3=34
last3F_x_in3=34
trainer_x_distance=32
horse_avg_last3F=31
last3F_x_distance=31
surface_win_rate=30
trainer_win_rate=26
horse_in3_rate=26
horsewin_x_popularity=26
jockey_in_three_rate=25
going_win_rate=25
days_from_last_race=23
jockey_win_rate=22
distance_x_distwinrate=22
horsein3_x_jockey=22
popularity_z=21
horse_avg_finish=20
jockey_x_course=19
age_x_distance=18
prevfinish_x_popularity=18
weight_x_distance=18
horse_win_rate=16
log_odds=15
horse_avg_pos_4c=14
weight_diff_x_career=14
style_x_distance=13
weight=10
weight_diff=10
horse_starts=10
age=9
horses_in_race=9
abs_weight_diff=8
run_style_id=7
body_weight_deviation=5
career_prize_norm=5
distance=4
popularity=3
horse_days_since_last=3
is_male=2
horse_prev_finish=2
odds_rank_in_race=1
is_female=1
horse_run_style_mode=1

parameters:
[boosting: gbdt]
[objective: binary]
[metric: binary_logloss,auc]
[tree_learner: serial]
[device_type: cpu]
[data_sample_strategy: bagging]
[data: ]
[valid: ]
[num_iterations: 1200]
[learning_rate: 0.02]
[num_leaves: 63]
[num_threads: 0]
[seed: 0]
[deterministic: 0]
[force_col_wise: 0]
[force_row_wise: 0]
[histogram_pool_size: -1]
[max_depth: -1]
[min_data_in_leaf: 25]
[min_sum_hessian_in_leaf: 0.001]
[bagging_fraction: 0.8]
[pos_bagging_fraction: 1]
[neg_bagging_fraction: 1]
[bagging_freq: 5]
[bagging_seed: 3]
[bagging_by_query: 0]
[feature_fraction: 0.8]
[feature_fraction_bynode: 1]
[feature_fraction_seed: 2]
[extra_trees: 0]
[extra_seed: 6]
[early_stopping_round: 0]
[early_stopping_min_delta: 0]
[first_metric_only: 0]
[max_delta_step: 0]
[lambda_l1: 0.15]
[lambda_l2: 0.15]
[linear_lambda: 0]
[min_gain_to_split: 0]
[drop_rate: 0.1]
[max_drop: 50]
[skip_drop: 0.5]
[xgboost_dart_mode: 0]
[uniform_drop: 0]
[drop_seed: 4]
[top_rate: 0.2]
[other_rate: 0.1]
[min_data_per_group: 100]
[max_cat_threshold: 32]
[cat_l2: 10]
[cat_smooth: 10]
[max_cat_to_onehot: 4]
[top_k: 20]
[monotone_constraints: ]
[monotone_constraints_method: basic]
[monotone_penalty: 0]
[feature_contri: ]
[forcedsplits_filename: ]
[refit_decay_rate: 0.9]
[cegb_tradeoff: 1]
[cegb_penalty_split: 0]
[cegb_penalty_feature_lazy: ]
[cegb_penalty_feature_coupled: ]
[path_smooth: 0]
[interaction_constraints: ]
[verbosity: -1]
[saved_feature_importance_type: 0]
[use_quantized_grad: 0]
[num_grad_quant_bins: 4]
[quant_train_renew_leaf: 0]
[stochastic_rounding: 1]
[linear_tree: 0]
[max_bin: 255]
[max_bin_by_feature: ]
[min_data_in_bin: 3]
[bin_construct_sample_cnt: 200000]
[data_random_seed: 1]
[is_enable_sparse: 1]
[enable_bundle: 1]
[use_missing: 1]
[zero_as_missing: 0]
[feature_pre_filter: 1]
[pre_partition: 0]
[two_round: 0]
[header: 0]
[label_column: ]
[weight_column: ]
[group_column: ]
[ignore_column: ]
[categorical_feature: ]
[forcedbins_filename: ]
[precise_float_parser: 0]
[parser_config_file: ]
[objective_seed: 5]
[num_class: 1]
[is_unbalance: 0]
[scale_pos_weight: 1]
[sigmoid: 1]
[boost_from_average: 1]
[reg_sqrt: 0]
[alpha: 0.9]
[fair_c: 1]
[poisson_max_delta_step: 0.7]
[tweedie_variance_power: 1.5]
[lambdarank_truncation_level: 30]
[lambdarank_norm: 1]
[label_gain: ]
[lambdarank_position_bias_regularization: 0]
[eval_at: ]
[multi_error_top_k: 1]
[auc_mu_weights: ]
[num_machines: 1]
[local_listen_port: 12400]
[time_out: 120]
[machine_list_filename: ]
[machines: ]
[gpu_platform_id: -1]
[gpu_device_id: -1]
[gpu_use_dp: 0]
[num_gpu: 1]

end of parameters

pandas_categorical:null
